{"stats":{"minecraft:killed_by":{"minecraft:player":1,"minecraft:spider":1,"minecraft:skeleton":1},"minecraft:dropped":{"minecraft:golden_boots":1,"minecraft:bread":1,"minecraft:porkchop":8,"minecraft:wheat_seeds":47,"minecraft:diamond":4,"minecraft:golden_axe":1,"minecraft:iron_helmet":1,"minecraft:cobblestone":4,"minecraft:leather":1,"minecraft:granite":48,"minecraft:saddle":1,"minecraft:stick":2,"minecraft:dirt":22,"minecraft:dark_oak_leaves":30,"minecraft:diorite":6,"minecraft:torch":5,"minecraft:iron_leggings":1,"minecraft:wooden_sword":1,"minecraft:iron_pickaxe":1,"minecraft:gravel":3,"minecraft:sugar_cane":8,"minecraft:iron_nugget":1,"minecraft:cobbled_deepslate":9,"minecraft:tuff":2,"minecraft:chicken":1,"minecraft:rotten_flesh":4,"minecraft:clay_ball":3,"minecraft:iron_boots":1,"minecraft:white_bed":2,"minecraft:filled_map":3,"minecraft:leather_chestplate":1,"minecraft:shield":1,"minecraft:gunpowder":3,"minecraft:iron_chestplate":1,"minecraft:andesite":6,"minecraft:azalea":2,"minecraft:spider_eye":2},"minecraft:mined":{"minecraft:tuff":30,"minecraft:white_bed":9,"minecraft:dark_oak_leaves":35,"minecraft:deepslate_diamond_ore":9,"minecraft:dark_oak_log":79,"minecraft:potted_cactus":1,"minecraft:brewing_stand":1,"minecraft:obsidian":4,"minecraft:cave_vines_plant":1,"minecraft:glow_lichen":1,"minecraft:granite":81,"minecraft:red_sand":1,"minecraft:grass_block":1,"minecraft:brown_wool":1,"minecraft:jungle_planks":1,"minecraft:oxeye_daisy":1,"minecraft:moss_block":12,"minecraft:sandstone":2,"minecraft:spawner":1,"minecraft:hay_block":15,"minecraft:redstone_ore":10,"minecraft:iron_ore":34,"minecraft:andesite":20,"minecraft:deepslate_lapis_ore":5,"minecraft:dirt_path":20,"minecraft:bookshelf":9,"minecraft:deepslate_iron_ore":24,"minecraft:azalea":2,"minecraft:blue_orchid":6,"minecraft:stone":385,"minecraft:deepslate_redstone_ore":29,"minecraft:flowering_azalea":4,"minecraft:melon_stem":3,"minecraft:orange_terracotta":2,"minecraft:dandelion":1,"minecraft:clay":146,"minecraft:crafting_table":1,"minecraft:torch":14,"minecraft:melon":4,"minecraft:tall_grass":82,"minecraft:cobblestone":4,"minecraft:lapis_ore":1,"minecraft:diorite":6,"minecraft:grindstone":1,"minecraft:sugar_cane":11,"minecraft:oak_planks":1,"minecraft:wall_torch":3,"minecraft:chain":16,"minecraft:cactus":1,"minecraft:wheat":1,"minecraft:birch_leaves":1,"minecraft:grass":271,"minecraft:oak_log":73,"minecraft:coal_ore":41,"minecraft:gravel":14,"minecraft:sand":110,"minecraft:dirt":4,"minecraft:cobweb":39,"minecraft:stonecutter":1,"minecraft:oak_leaves":15,"minecraft:deepslate":354},"minecraft:used":{"minecraft:enchanting_table":1,"minecraft:red_sand":1,"minecraft:iron_shovel":251,"minecraft:chest":2,"minecraft:shield":26,"minecraft:iron_sword":245,"minecraft:cooked_salmon":3,"minecraft:rotten_flesh":1,"minecraft:torch":37,"minecraft:dirt":23,"minecraft:mutton":8,"minecraft:axolotl_bucket":1,"minecraft:granite":15,"minecraft:dark_oak_planks":27,"minecraft:bookshelf":12,"minecraft:iron_boots":1,"minecraft:diamond_chestplate":1,"minecraft:cobbled_deepslate":36,"minecraft:golden_axe":85,"minecraft:iron_leggings":1,"minecraft:cooked_mutton":3,"minecraft:water_bucket":8,"minecraft:stone_pickaxe":78,"minecraft:oak_planks":6,"minecraft:wooden_pickaxe":9,"minecraft:sugar_cane":2,"minecraft:glow_berries":1,"minecraft:salmon":2,"minecraft:sand":11,"minecraft:crafting_table":5,"minecraft:white_bed":10,"minecraft:shears":31,"minecraft:diamond_pickaxe":757,"minecraft:apple":1,"minecraft:dark_oak_log":2,"minecraft:bread":20,"minecraft:melon_slice":3,"minecraft:brown_wool":2,"minecraft:iron_pickaxe":274,"minecraft:gravel":3,"minecraft:stone_axe":119,"minecraft:diamond_sword":20,"minecraft:wooden_sword":20,"minecraft:cobblestone":60,"minecraft:porkchop":5,"minecraft:cooked_porkchop":17,"minecraft:bucket":10,"minecraft:oak_boat":1},"minecraft:killed":{"minecraft:witch":1,"minecraft:spider":5,"minecraft:skeleton":19,"minecraft:drowned":2,"minecraft:pig":8,"minecraft:zombie_villager":1,"minecraft:salmon":4,"minecraft:creeper":3,"minecraft:sheep":4,"minecraft:zombie":16,"minecraft:enderman":1,"minecraft:cow":2},"minecraft:custom":{"minecraft:interact_with_smithing_table":1,"minecraft:mob_kills":69,"minecraft:interact_with_crafting_table":36,"minecraft:leave_game":1,"minecraft:time_since_death":52117,"minecraft:climb_one_cm":1833,"minecraft:sprint_one_cm":684282,"minecraft:walk_one_cm":484623,"minecraft:damage_blocked_by_shield":845,"minecraft:drop":90,"minecraft:talked_to_villager":2,"minecraft:play_time":291153,"minecraft:sneak_time":3004,"minecraft:deaths":5,"minecraft:walk_under_water_one_cm":92452,"minecraft:boat_one_cm":153782,"minecraft:jump":3319,"minecraft:walk_on_water_one_cm":37677,"minecraft:total_world_time":291153,"minecraft:interact_with_furnace":45,"minecraft:sleep_in_bed":12,"minecraft:time_since_rest":22291,"minecraft:damage_taken":4070,"minecraft:damage_dealt":11296,"minecraft:swim_one_cm":57144,"minecraft:fly_one_cm":541747,"minecraft:open_chest":114,"minecraft:crouch_one_cm":9580,"minecraft:fall_one_cm":91986,"minecraft:horse_one_cm":2058068},"minecraft:picked_up":{"minecraft:crafting_table":1,"minecraft:iron_chestplate":2,"minecraft:wheat":6,"minecraft:chicken":1,"minecraft:flower_pot":3,"minecraft:clay_ball":615,"minecraft:chest_minecart":1,"minecraft:wooden_pickaxe":1,"minecraft:chain":16,"minecraft:brewing_stand":3,"minecraft:shield":1,"minecraft:string":45,"minecraft:iron_leggings":1,"minecraft:iron_shovel":3,"minecraft:blue_orchid":26,"minecraft:detector_rail":2,"minecraft:diamond_leggings":3,"minecraft:red_sand":1,"minecraft:cobbled_deepslate":235,"minecraft:dark_oak_leaves":30,"minecraft:bucket":1,"minecraft:beef":8,"minecraft:azalea":2,"minecraft:iron_nugget":1,"minecraft:iron_pickaxe":3,"minecraft:chest":2,"minecraft:melon_slice":52,"minecraft:sugar_cane":32,"minecraft:iron_boots":1,"minecraft:dark_oak_sapling":4,"minecraft:stick":9,"minecraft:raw_iron":51,"minecraft:sandstone":6,"minecraft:torch":311,"minecraft:porkchop":19,"minecraft:golden_axe":1,"minecraft:diorite":7,"minecraft:redstone":172,"minecraft:rotten_flesh":23,"minecraft:arrow":7,"minecraft:cactus":6,"minecraft:diamond_chestplate":3,"minecraft:cooked_cod":4,"minecraft:shears":2,"minecraft:diamond_boots":2,"minecraft:hay_block":27,"minecraft:gold_ingot":10,"minecraft:obsidian":4,"minecraft:glow_berries":2,"minecraft:mutton":10,"minecraft:rail":44,"minecraft:white_wool":63,"minecraft:cobblestone":405,"minecraft:oxeye_daisy":1,"minecraft:leather_chestplate":2,"minecraft:clock":1,"minecraft:glow_ink_sac":2,"minecraft:water_bucket":1,"minecraft:andesite":20,"minecraft:salmon":5,"minecraft:brown_wool":2,"minecraft:leather":2,"minecraft:filled_map":3,"minecraft:tuff":2,"minecraft:oak_log":73,"minecraft:gunpowder":9,"minecraft:lapis_lazuli":56,"minecraft:dirt":52,"minecraft:orange_terracotta":6,"minecraft:bone":31,"minecraft:coast_armor_trim_smithing_template":2,"minecraft:bow":1,"minecraft:stonecutter":3,"minecraft:wheat_seeds":127,"minecraft:stone_pickaxe":1,"minecraft:grindstone":3,"minecraft:iron_ingot":9,"minecraft:diamond_helmet":3,"minecraft:powered_rail":8,"minecraft:moss_block":10,"minecraft:iron_sword":4,"minecraft:oak_planks":21,"minecraft:flowering_azalea":4,"minecraft:book":81,"minecraft:cooked_porkchop":28,"minecraft:gravel":52,"minecraft:sand":126,"minecraft:white_bed":12,"minecraft:dark_oak_log":82,"minecraft:spider_eye":3,"minecraft:diamond":6,"minecraft:stone_axe":1,"minecraft:iron_helmet":1,"minecraft:granite":107,"minecraft:emerald":12,"minecraft:bread":68,"minecraft:oak_sapling":5,"minecraft:melon_seeds":9,"minecraft:coal":46,"minecraft:ender_pearl":1,"minecraft:diamond_pickaxe":3},"minecraft:broken":{"minecraft:iron_shovel":1,"minecraft:iron_sword":1,"minecraft:iron_pickaxe":1},"minecraft:crafted":{"minecraft:wooden_sword":1,"minecraft:oak_planks":116,"minecraft:bookshelf":12,"minecraft:iron_boots":1,"minecraft:stone_pickaxe":1,"minecraft:chest":2,"minecraft:dark_oak_planks":256,"minecraft:wheat":135,"minecraft:diamond_sword":1,"minecraft:cooked_porkchop":1,"minecraft:crafting_table":5,"minecraft:enchanting_table":1,"minecraft:wooden_pickaxe":1,"minecraft:iron_helmet":1,"minecraft:iron_sword":1,"minecraft:bucket":1,"minecraft:stone_axe":1,"minecraft:bread":44,"minecraft:air":0,"minecraft:oak_boat":1,"minecraft:book":7,"minecraft:paper":12,"minecraft:shield":2,"minecraft:stick":20,"minecraft:iron_ingot":13,"minecraft:iron_pickaxe":2,"minecraft:iron_shovel":1,"minecraft:white_bed":2,"minecraft:torch":4,"minecraft:shears":1,"minecraft:clay":153}},"DataVersion":3465}