{"stats":{"minecraft:killed_by":{"minecraft:player":1,"minecraft:spider":1,"minecraft:skeleton":1},"minecraft:dropped":{"minecraft:clay":1,"minecraft:piston":3,"minecraft:porkchop":8,"minecraft:diamond":4,"minecraft:leather":1,"minecraft:saddle":1,"minecraft:dirt":33,"minecraft:wooden_sword":1,"minecraft:iron_pickaxe":1,"minecraft:dark_oak_planks":5,"minecraft:fishing_rod":1,"minecraft:bone":3,"minecraft:gravel":3,"minecraft:stone_axe":3,"minecraft:sugar_cane":8,"minecraft:iron_nugget":1,"minecraft:golden_chestplate":1,"minecraft:cobbled_deepslate":9,"minecraft:rotten_flesh":35,"minecraft:white_bed":2,"minecraft:leather_chestplate":3,"minecraft:gunpowder":3,"minecraft:azalea":2,"minecraft:arrow":9,"minecraft:netherrack":1,"minecraft:golden_boots":1,"minecraft:bread":1,"minecraft:wheat_seeds":70,"minecraft:golden_axe":1,"minecraft:iron_helmet":1,"minecraft:cobblestone":4,"minecraft:granite":48,"minecraft:stick":2,"minecraft:oxeye_daisy":1,"minecraft:dark_oak_leaves":30,"minecraft:diorite":6,"minecraft:torch":6,"minecraft:iron_leggings":1,"minecraft:golden_hoe":1,"minecraft:raw_copper":23,"minecraft:tuff":2,"minecraft:chicken":1,"minecraft:clay_ball":3,"minecraft:iron_boots":1,"minecraft:filled_map":3,"minecraft:diamond_sword":1,"minecraft:shield":1,"minecraft:iron_chestplate":1,"minecraft:diamond_pickaxe":1,"minecraft:andesite":6,"minecraft:spider_eye":7,"minecraft:bow":2},"minecraft:mined":{"minecraft:dark_oak_planks":5,"minecraft:white_bed":9,"minecraft:potted_cactus":1,"minecraft:brewing_stand":1,"minecraft:obsidian":14,"minecraft:cave_vines_plant":1,"minecraft:granite":81,"minecraft:red_sand":1,"minecraft:grass_block":30,"minecraft:brown_wool":1,"minecraft:soul_soil":14,"minecraft:oxeye_daisy":2,"minecraft:spawner":1,"minecraft:weeping_vines_plant":1,"minecraft:iron_ore":35,"minecraft:cobbled_deepslate":4,"minecraft:fire":1,"minecraft:deepslate_lapis_ore":5,"minecraft:anvil":1,"minecraft:dirt_path":20,"minecraft:azalea":2,"minecraft:blue_orchid":6,"minecraft:deepslate_redstone_ore":29,"minecraft:melon_stem":3,"minecraft:crimson_nylium":6,"minecraft:orange_terracotta":2,"minecraft:clay":146,"minecraft:torch":16,"minecraft:melon":4,"minecraft:chest":1,"minecraft:cobblestone":39,"minecraft:grindstone":1,"minecraft:sugar_cane":13,"minecraft:oak_planks":1,"minecraft:wall_torch":6,"minecraft:chain":16,"minecraft:mud":4,"minecraft:wheat":1,"minecraft:grass":460,"minecraft:oak_log":77,"minecraft:dark_oak_sapling":6,"minecraft:sand":165,"minecraft:dirt":27,"minecraft:stonecutter":1,"minecraft:netherrack":446,"minecraft:oak_leaves":22,"minecraft:deepslate":1089,"minecraft:nether_gold_ore":5,"minecraft:tuff":85,"minecraft:dark_oak_leaves":88,"minecraft:deepslate_diamond_ore":10,"minecraft:dark_oak_log":1045,"minecraft:glow_lichen":1,"minecraft:jungle_planks":1,"minecraft:moss_block":13,"minecraft:sandstone":2,"minecraft:hay_block":20,"minecraft:redstone_ore":10,"minecraft:andesite":20,"minecraft:bookshelf":9,"minecraft:deepslate_iron_ore":24,"minecraft:stone":394,"minecraft:flowering_azalea":4,"minecraft:dandelion":40,"minecraft:crafting_table":1,"minecraft:tall_grass":113,"minecraft:copper_ore":9,"minecraft:lapis_ore":1,"minecraft:deepslate_gold_ore":11,"minecraft:diorite":6,"minecraft:cactus":1,"minecraft:birch_leaves":1,"minecraft:coal_ore":41,"minecraft:gravel":18,"minecraft:cobweb":88},"minecraft:used":{"minecraft:red_sand":1,"minecraft:iron_shovel":310,"minecraft:ladder":6,"minecraft:oak_sign":1,"minecraft:chest":19,"minecraft:shield":26,"minecraft:iron_sword":245,"minecraft:rotten_flesh":1,"minecraft:mutton":8,"minecraft:carrot":3,"minecraft:axolotl_bucket":1,"minecraft:obsidian":10,"minecraft:lava_bucket":1,"minecraft:furnace":1,"minecraft:dark_oak_sapling":70,"minecraft:oak_planks":6,"minecraft:stone_pickaxe":78,"minecraft:wooden_pickaxe":9,"minecraft:sugar_cane":6,"minecraft:diamond_axe":978,"minecraft:glow_berries":1,"minecraft:sand":11,"minecraft:shears":31,"minecraft:dark_oak_log":6,"minecraft:bread":20,"minecraft:melon_slice":3,"minecraft:brown_wool":2,"minecraft:gravel":7,"minecraft:diamond_sword":243,"minecraft:wooden_sword":20,"minecraft:grindstone":1,"minecraft:oak_boat":1,"minecraft:air":4,"minecraft:bone_meal":18,"minecraft:enchanting_table":1,"minecraft:flint_and_steel":1,"minecraft:cooked_salmon":3,"minecraft:netherrack":158,"minecraft:torch":42,"minecraft:dirt":79,"minecraft:anvil":2,"minecraft:golden_shovel":25,"minecraft:granite":15,"minecraft:dark_oak_planks":32,"minecraft:bookshelf":12,"minecraft:iron_boots":1,"minecraft:diamond_chestplate":1,"minecraft:cooked_beef":14,"minecraft:cobbled_deepslate":42,"minecraft:golden_axe":149,"minecraft:iron_leggings":1,"minecraft:cooked_mutton":10,"minecraft:water_bucket":22,"minecraft:glass_bottle":4,"minecraft:stonecutter":1,"minecraft:salmon":2,"minecraft:crafting_table":6,"minecraft:white_bed":10,"minecraft:mud":4,"minecraft:diamond_pickaxe":2095,"minecraft:apple":6,"minecraft:iron_pickaxe":274,"minecraft:stone_axe":119,"minecraft:cobblestone":65,"minecraft:potion":4,"minecraft:porkchop":5,"minecraft:cooked_porkchop":17,"minecraft:bucket":24},"minecraft:killed":{"minecraft:cave_spider":11,"minecraft:zombified_piglin":1,"minecraft:witch":1,"minecraft:spider":11,"minecraft:skeleton":28,"minecraft:pig":12,"minecraft:zombie_villager":1,"minecraft:salmon":4,"minecraft:creeper":6,"minecraft:sheep":4,"minecraft:pillager":2,"minecraft:zombie":33,"minecraft:cow":2,"minecraft:drowned":2,"minecraft:enderman":2},"minecraft:custom":{"minecraft:interact_with_crafting_table":69,"minecraft:leave_game":3,"minecraft:time_since_death":219285,"minecraft:sprint_one_cm":1079421,"minecraft:damage_blocked_by_shield":845,"minecraft:drop":181,"minecraft:talked_to_villager":7,"minecraft:play_time":458321,"minecraft:deaths":5,"minecraft:jump":5697,"minecraft:walk_on_water_one_cm":60551,"minecraft:enchant_item":3,"minecraft:interact_with_furnace":67,"minecraft:traded_with_villager":3,"minecraft:sleep_in_bed":24,"minecraft:damage_dealt":21277,"minecraft:crouch_one_cm":16876,"minecraft:horse_one_cm":2058068,"minecraft:interact_with_smithing_table":2,"minecraft:mob_kills":125,"minecraft:interact_with_anvil":1,"minecraft:climb_one_cm":3403,"minecraft:walk_one_cm":790226,"minecraft:sneak_time":5844,"minecraft:walk_under_water_one_cm":93661,"minecraft:boat_one_cm":153782,"minecraft:total_world_time":458321,"minecraft:interact_with_grindstone":3,"minecraft:interact_with_stonecutter":2,"minecraft:time_since_rest":9518,"minecraft:damage_taken":5055,"minecraft:swim_one_cm":76943,"minecraft:fly_one_cm":1044963,"minecraft:open_chest":320,"minecraft:fall_one_cm":144245},"minecraft:picked_up":{"minecraft:iron_chestplate":2,"minecraft:wheat":6,"minecraft:flower_pot":3,"minecraft:anvil":1,"minecraft:diamond_sword":1,"minecraft:brewing_stand":3,"minecraft:string":104,"minecraft:soul_soil":14,"minecraft:raw_copper":23,"minecraft:iron_leggings":1,"minecraft:diamond_leggings":3,"minecraft:red_sand":1,"minecraft:gold_nugget":29,"minecraft:cobbled_deepslate":959,"minecraft:dark_oak_leaves":30,"minecraft:bucket":1,"minecraft:azalea":2,"minecraft:iron_pickaxe":3,"minecraft:melon_slice":52,"minecraft:iron_boots":1,"minecraft:stick":42,"minecraft:torch":317,"minecraft:porkchop":27,"minecraft:golden_axe":1,"minecraft:diorite":7,"minecraft:cactus":6,"minecraft:rotten_flesh":54,"minecraft:obsidian":14,"minecraft:cobblestone":443,"minecraft:leather_chestplate":3,"minecraft:water_bucket":1,"minecraft:andesite":20,"minecraft:brown_wool":2,"minecraft:flint":1,"minecraft:tuff":52,"minecraft:lapis_lazuli":56,"minecraft:dirt":120,"minecraft:bone":37,"minecraft:stonecutter":3,"minecraft:bow":3,"minecraft:wheat_seeds":160,"minecraft:raw_gold":14,"minecraft:grindstone":3,"minecraft:diamond_helmet":3,"minecraft:powered_rail":8,"minecraft:moss_block":10,"minecraft:oak_planks":21,"minecraft:cooked_porkchop":28,"minecraft:sand":179,"minecraft:dark_oak_log":1039,"minecraft:clay":1,"minecraft:diamond":7,"minecraft:granite":107,"minecraft:bread":68,"minecraft:emerald":12,"minecraft:oak_sapling":5,"minecraft:netherrack":427,"minecraft:diamond_pickaxe":4,"minecraft:mud":4,"minecraft:crafting_table":1,"minecraft:chicken":1,"minecraft:clay_ball":615,"minecraft:chest_minecart":1,"minecraft:wooden_pickaxe":1,"minecraft:chain":16,"minecraft:shield":1,"minecraft:iron_shovel":3,"minecraft:blue_orchid":26,"minecraft:detector_rail":2,"minecraft:beef":8,"minecraft:iron_nugget":1,"minecraft:chest":3,"minecraft:sugar_cane":36,"minecraft:piston":3,"minecraft:dark_oak_sapling":70,"minecraft:raw_iron":52,"minecraft:sandstone":6,"minecraft:carrot":3,"minecraft:redstone":172,"minecraft:dark_oak_planks":5,"minecraft:arrow":16,"minecraft:diamond_chestplate":3,"minecraft:cooked_cod":4,"minecraft:shears":2,"minecraft:diamond_boots":2,"minecraft:hay_block":32,"minecraft:gold_ingot":10,"minecraft:glow_berries":2,"minecraft:mutton":10,"minecraft:white_wool":63,"minecraft:rail":44,"minecraft:oxeye_daisy":2,"minecraft:clock":1,"minecraft:glow_ink_sac":2,"minecraft:salmon":5,"minecraft:leather":2,"minecraft:filled_map":3,"minecraft:oak_log":77,"minecraft:gunpowder":9,"minecraft:white_banner":1,"minecraft:orange_terracotta":6,"minecraft:coast_armor_trim_smithing_template":2,"minecraft:apple":6,"minecraft:stone_pickaxe":1,"minecraft:iron_ingot":9,"minecraft:flowering_azalea":4,"minecraft:iron_sword":4,"minecraft:book":81,"minecraft:dandelion":38,"minecraft:gravel":55,"minecraft:white_bed":12,"minecraft:spider_eye":8,"minecraft:stone_axe":1,"minecraft:iron_helmet":1,"minecraft:melon_seeds":9,"minecraft:coal":46,"minecraft:ender_pearl":1},"minecraft:broken":{"minecraft:iron_shovel":1,"minecraft:iron_sword":1,"minecraft:golden_axe":2,"minecraft:iron_pickaxe":1},"minecraft:crafted":{"minecraft:oak_planks":132,"minecraft:oak_sign":3,"minecraft:bookshelf":12,"minecraft:glass":10,"minecraft:hopper":4,"minecraft:iron_boots":1,"minecraft:chest":20,"minecraft:glass_bottle":3,"minecraft:cooked_porkchop":1,"minecraft:diamond_axe":1,"minecraft:crafting_table":6,"minecraft:wooden_pickaxe":1,"minecraft:iron_helmet":1,"minecraft:diamond_pickaxe":1,"minecraft:book":7,"minecraft:paper":12,"minecraft:yellow_dye":38,"minecraft:shield":2,"minecraft:stick":40,"minecraft:iron_ingot":13,"minecraft:iron_pickaxe":2,"minecraft:iron_block":3,"minecraft:shears":1,"minecraft:wooden_sword":1,"minecraft:fishing_rod":1,"minecraft:furnace":1,"minecraft:piston":4,"minecraft:bone_meal":42,"minecraft:glass_pane":16,"minecraft:flint_and_steel":1,"minecraft:ladder":6,"minecraft:stone_pickaxe":1,"minecraft:dark_oak_planks":276,"minecraft:wheat":135,"minecraft:cooked_beef":15,"minecraft:diamond_sword":1,"minecraft:enchanting_table":1,"minecraft:iron_sword":1,"minecraft:golden_shovel":1,"minecraft:bucket":1,"minecraft:stone_axe":4,"minecraft:bread":44,"minecraft:air":0,"minecraft:oak_boat":1,"minecraft:iron_shovel":2,"minecraft:anvil":1,"minecraft:white_bed":2,"minecraft:torch":4,"minecraft:clay":153}},"DataVersion":3465}