{"stats":{"minecraft:crafted":{"minecraft:smooth_stone":11,"minecraft:oak_planks":184,"minecraft:oak_sign":3,"minecraft:cobblestone_slab":126,"minecraft:stone":11,"minecraft:bookshelf":12,"minecraft:glass":69,"minecraft:hopper":4,"minecraft:bow":1,"minecraft:iron_boots":1,"minecraft:chest":20,"minecraft:smoker":1,"minecraft:glass_bottle":3,"minecraft:cooked_porkchop":1,"minecraft:diamond_axe":1,"minecraft:crafting_table":6,"minecraft:wooden_pickaxe":1,"minecraft:iron_helmet":1,"minecraft:book":7,"minecraft:wooden_hoe":1,"minecraft:paper":12,"minecraft:diamond_pickaxe":1,"minecraft:yellow_dye":38,"minecraft:shield":2,"minecraft:stick":128,"minecraft:iron_ingot":13,"minecraft:iron_pickaxe":2,"minecraft:iron_block":3,"minecraft:shears":1,"minecraft:wooden_sword":1,"minecraft:fishing_rod":1,"minecraft:furnace":1,"minecraft:blast_furnace":1,"minecraft:piston":4,"minecraft:bone_meal":42,"minecraft:glass_pane":16,"minecraft:flint_and_steel":1,"minecraft:ladder":6,"minecraft:stone_pickaxe":1,"minecraft:dark_oak_planks":276,"minecraft:golden_helmet":1,"minecraft:observer":4,"minecraft:wheat":153,"minecraft:cooked_beef":15,"minecraft:diamond_sword":1,"minecraft:enchanting_table":1,"minecraft:iron_sword":1,"minecraft:golden_shovel":1,"minecraft:bucket":1,"minecraft:stone_axe":4,"minecraft:bread":44,"minecraft:air":0,"minecraft:oak_boat":1,"minecraft:iron_shovel":3,"minecraft:anvil":1,"minecraft:white_bed":2,"minecraft:torch":136,"minecraft:clay":153},"minecraft:dropped":{"minecraft:clay":1,"minecraft:piston":3,"minecraft:porkchop":8,"minecraft:diamond_axe":1,"minecraft:lapis_lazuli":53,"minecraft:diamond":4,"minecraft:leather":1,"minecraft:saddle":1,"minecraft:dirt":52,"minecraft:wooden_sword":1,"minecraft:iron_pickaxe":1,"minecraft:dark_oak_planks":5,"minecraft:fishing_rod":1,"minecraft:bone":3,"minecraft:gravel":3,"minecraft:stone_axe":3,"minecraft:sugar_cane":8,"minecraft:iron_nugget":1,"minecraft:golden_chestplate":1,"minecraft:cobbled_deepslate":9,"minecraft:rotten_flesh":35,"minecraft:white_bed":2,"minecraft:leather_chestplate":3,"minecraft:gunpowder":3,"minecraft:azalea":2,"minecraft:arrow":9,"minecraft:netherrack":20,"minecraft:golden_boots":1,"minecraft:bread":28,"minecraft:wheat_seeds":70,"minecraft:golden_axe":1,"minecraft:iron_helmet":3,"minecraft:cobblestone":4,"minecraft:granite":48,"minecraft:stick":2,"minecraft:oxeye_daisy":1,"minecraft:dark_oak_leaves":30,"minecraft:diorite":6,"minecraft:torch":6,"minecraft:wooden_hoe":1,"minecraft:rib_armor_trim_smithing_template":1,"minecraft:iron_leggings":1,"minecraft:golden_hoe":1,"minecraft:raw_copper":23,"minecraft:bowl":2,"minecraft:tuff":2,"minecraft:chicken":1,"minecraft:clay_ball":3,"minecraft:iron_boots":1,"minecraft:smoker":1,"minecraft:blast_furnace":1,"minecraft:filled_map":3,"minecraft:diamond_sword":1,"minecraft:shield":5,"minecraft:iron_chestplate":1,"minecraft:diamond_pickaxe":2,"minecraft:andesite":6,"minecraft:spider_eye":7,"minecraft:bow":2},"minecraft:picked_up":{"minecraft:iron_chestplate":4,"minecraft:wheat":9,"minecraft:nether_brick_fence":6,"minecraft:flower_pot":3,"minecraft:anvil":1,"minecraft:diamond_sword":1,"minecraft:brewing_stand":3,"minecraft:string":104,"minecraft:soul_soil":23,"minecraft:raw_copper":23,"minecraft:iron_leggings":3,"minecraft:diamond_leggings":3,"minecraft:red_sand":1,"minecraft:gold_nugget":29,"minecraft:cobbled_deepslate":959,"minecraft:bucket":1,"minecraft:dark_oak_leaves":30,"minecraft:cobblestone_slab":5,"minecraft:azalea":2,"minecraft:iron_pickaxe":5,"minecraft:melon_slice":52,"minecraft:iron_boots":3,"minecraft:golden_helmet":2,"minecraft:stick":42,"minecraft:oak_fence":1,"minecraft:torch":318,"minecraft:porkchop":27,"minecraft:golden_axe":1,"minecraft:diorite":7,"minecraft:cactus":6,"minecraft:rotten_flesh":60,"minecraft:blaze_rod":2,"minecraft:obsidian":16,"minecraft:cobblestone":457,"minecraft:leather_chestplate":3,"minecraft:water_bucket":1,"minecraft:andesite":23,"minecraft:brown_wool":2,"minecraft:flint":1,"minecraft:tuff":52,"minecraft:wither_skeleton_skull":2,"minecraft:lapis_lazuli":56,"minecraft:dirt":384,"minecraft:bone":61,"minecraft:stonecutter":3,"minecraft:bow":3,"minecraft:wheat_seeds":165,"minecraft:raw_gold":14,"minecraft:grindstone":3,"minecraft:diamond_helmet":3,"minecraft:powered_rail":8,"minecraft:moss_block":10,"minecraft:oak_planks":21,"minecraft:cooked_porkchop":28,"minecraft:sand":195,"minecraft:nether_brick_stairs":1,"minecraft:grass_block":1,"minecraft:dark_oak_log":1039,"minecraft:clay":1,"minecraft:diamond":7,"minecraft:granite":107,"minecraft:emerald":12,"minecraft:golden_horse_armor":4,"minecraft:bread":96,"minecraft:oak_sapling":5,"minecraft:netherrack":658,"minecraft:crimson_roots":2,"minecraft:diamond_pickaxe":5,"minecraft:mud":7,"minecraft:crafting_table":1,"minecraft:chicken":1,"minecraft:nether_wart":106,"minecraft:clay_ball":615,"minecraft:chest_minecart":1,"minecraft:wooden_pickaxe":1,"minecraft:diamond_horse_armor":1,"minecraft:chain":16,"minecraft:shield":4,"minecraft:iron_shovel":3,"minecraft:blue_orchid":26,"minecraft:detector_rail":2,"minecraft:beef":8,"minecraft:observer":6,"minecraft:iron_nugget":1,"minecraft:chest":3,"minecraft:sugar_cane":54,"minecraft:piston":9,"minecraft:dark_oak_sapling":70,"minecraft:raw_iron":52,"minecraft:sandstone":6,"minecraft:carrot":3,"minecraft:redstone":176,"minecraft:iron_horse_armor":1,"minecraft:dark_oak_planks":5,"minecraft:arrow":19,"minecraft:weeping_vines":1,"minecraft:diamond_chestplate":3,"minecraft:cooked_cod":4,"minecraft:nether_bricks":2,"minecraft:shears":2,"minecraft:diamond_boots":2,"minecraft:hay_block":34,"minecraft:saddle":2,"minecraft:gold_ingot":33,"minecraft:glow_berries":2,"minecraft:mutton":10,"minecraft:rail":44,"minecraft:bone_block":4,"minecraft:white_wool":63,"minecraft:oxeye_daisy":2,"minecraft:clock":1,"minecraft:glow_ink_sac":2,"minecraft:salmon":5,"minecraft:leather":2,"minecraft:filled_map":3,"minecraft:oak_log":79,"minecraft:gunpowder":9,"minecraft:white_banner":2,"minecraft:orange_terracotta":6,"minecraft:coast_armor_trim_smithing_template":2,"minecraft:apple":6,"minecraft:oak_fence_gate":2,"minecraft:iron_ingot":10,"minecraft:stone_pickaxe":1,"minecraft:soul_sand":157,"minecraft:flowering_azalea":4,"minecraft:iron_sword":4,"minecraft:book":81,"minecraft:quartz":27,"minecraft:dandelion":38,"minecraft:gravel":55,"minecraft:white_bed":13,"minecraft:spider_eye":8,"minecraft:stone_axe":2,"minecraft:rib_armor_trim_smithing_template":1,"minecraft:iron_helmet":2,"minecraft:diamond_axe":3,"minecraft:melon_seeds":9,"minecraft:coal":53,"minecraft:ender_pearl":2},"minecraft:broken":{"minecraft:iron_shovel":1,"minecraft:iron_sword":1,"minecraft:golden_axe":2,"minecraft:iron_pickaxe":1},"minecraft:custom":{"minecraft:animals_bred":2,"minecraft:interact_with_crafting_table":100,"minecraft:leave_game":5,"minecraft:time_since_death":31062,"minecraft:sprint_one_cm":1419660,"minecraft:damage_blocked_by_shield":990,"minecraft:drop":240,"minecraft:talked_to_villager":7,"minecraft:play_time":573859,"minecraft:deaths":8,"minecraft:jump":7309,"minecraft:interact_with_brewingstand":1,"minecraft:walk_on_water_one_cm":66048,"minecraft:enchant_item":6,"minecraft:interact_with_furnace":80,"minecraft:traded_with_villager":3,"minecraft:sleep_in_bed":32,"minecraft:damage_dealt":29430,"minecraft:crouch_one_cm":23201,"minecraft:horse_one_cm":2058068,"minecraft:interact_with_smithing_table":2,"minecraft:interact_with_anvil":1,"minecraft:mob_kills":176,"minecraft:climb_one_cm":3770,"minecraft:walk_one_cm":1114033,"minecraft:raid_win":1,"minecraft:sneak_time":7883,"minecraft:walk_under_water_one_cm":95265,"minecraft:boat_one_cm":153782,"minecraft:total_world_time":573859,"minecraft:raid_trigger":1,"minecraft:interact_with_stonecutter":2,"minecraft:interact_with_grindstone":4,"minecraft:time_since_rest":25791,"minecraft:damage_taken":7309,"minecraft:swim_one_cm":77799,"minecraft:fly_one_cm":1391193,"minecraft:open_chest":573,"minecraft:fall_one_cm":179284},"minecraft:killed":{"minecraft:cave_spider":11,"minecraft:zombified_piglin":1,"minecraft:witch":1,"minecraft:spider":11,"minecraft:skeleton":30,"minecraft:magma_cube":13,"minecraft:pig":12,"minecraft:zombie_villager":1,"minecraft:salmon":4,"minecraft:creeper":6,"minecraft:sheep":4,"minecraft:pillager":8,"minecraft:zombie":39,"minecraft:cow":2,"minecraft:blaze":6,"minecraft:drowned":2,"minecraft:wither_skeleton":17,"minecraft:enderman":3},"minecraft:mined":{"minecraft:dark_oak_planks":5,"minecraft:white_bed":10,"minecraft:potted_cactus":1,"minecraft:brewing_stand":1,"minecraft:obsidian":14,"minecraft:cave_vines_plant":1,"minecraft:granite":81,"minecraft:red_sand":1,"minecraft:grass_block":234,"minecraft:brown_wool":1,"minecraft:soul_soil":20,"minecraft:nether_wart":43,"minecraft:oxeye_daisy":2,"minecraft:spawner":1,"minecraft:weeping_vines_plant":2,"minecraft:iron_ore":35,"minecraft:cobbled_deepslate":4,"minecraft:fire":5,"minecraft:deepslate_lapis_ore":5,"minecraft:anvil":1,"minecraft:nether_brick_stairs":1,"minecraft:dirt_path":20,"minecraft:azalea":2,"minecraft:blue_orchid":6,"minecraft:deepslate_redstone_ore":29,"minecraft:melon_stem":3,"minecraft:crimson_nylium":14,"minecraft:soul_fire":1,"minecraft:orange_terracotta":2,"minecraft:clay":146,"minecraft:torch":16,"minecraft:melon":4,"minecraft:chest":1,"minecraft:nether_quartz_ore":21,"minecraft:cobblestone":53,"minecraft:grindstone":1,"minecraft:sugar_cane":22,"minecraft:oak_planks":1,"minecraft:wall_torch":6,"minecraft:chain":16,"minecraft:mud":7,"minecraft:wheat":1,"minecraft:grass":499,"minecraft:oak_log":77,"minecraft:oak_fence_gate":1,"minecraft:dark_oak_sapling":6,"minecraft:sand":181,"minecraft:dirt":45,"minecraft:stonecutter":1,"minecraft:netherrack":657,"minecraft:piston":6,"minecraft:oak_leaves":22,"minecraft:deepslate":1089,"minecraft:nether_gold_ore":5,"minecraft:tuff":85,"minecraft:dark_oak_leaves":89,"minecraft:deepslate_diamond_ore":10,"minecraft:dark_oak_log":1045,"minecraft:glow_lichen":1,"minecraft:nether_bricks":1,"minecraft:jungle_planks":1,"minecraft:crimson_roots":1,"minecraft:redstone_wire":4,"minecraft:moss_block":13,"minecraft:sandstone":2,"minecraft:hay_block":22,"minecraft:redstone_ore":10,"minecraft:andesite":23,"minecraft:nether_brick_fence":6,"minecraft:bookshelf":9,"minecraft:deepslate_iron_ore":24,"minecraft:cobblestone_slab":7,"minecraft:stone":394,"minecraft:bone_block":5,"minecraft:flowering_azalea":4,"minecraft:soul_sand":128,"minecraft:observer":6,"minecraft:dandelion":40,"minecraft:crafting_table":1,"minecraft:tall_grass":123,"minecraft:copper_ore":9,"minecraft:lapis_ore":1,"minecraft:deepslate_gold_ore":11,"minecraft:diorite":6,"minecraft:cactus":1,"minecraft:birch_leaves":1,"minecraft:coal_ore":41,"minecraft:gravel":18,"minecraft:cobweb":88},"minecraft:used":{"minecraft:red_sand":1,"minecraft:iron_shovel":641,"minecraft:ladder":6,"minecraft:oak_sign":1,"minecraft:chest":21,"minecraft:shield":30,"minecraft:iron_sword":245,"minecraft:nether_wart":65,"minecraft:rotten_flesh":1,"minecraft:soul_sand":115,"minecraft:mutton":8,"minecraft:carrot":3,"minecraft:axolotl_bucket":1,"minecraft:obsidian":10,"minecraft:glass":42,"minecraft:lava_bucket":1,"minecraft:rabbit_stew":2,"minecraft:furnace":1,"minecraft:dark_oak_sapling":70,"minecraft:wither_skeleton_skull":1,"minecraft:oak_planks":6,"minecraft:stone_pickaxe":78,"minecraft:wooden_pickaxe":9,"minecraft:sugar_cane":15,"minecraft:diamond_axe":1069,"minecraft:glow_berries":1,"minecraft:sand":11,"minecraft:shears":31,"minecraft:dark_oak_log":6,"minecraft:melon_slice":3,"minecraft:bread":52,"minecraft:brown_wool":2,"minecraft:gravel":7,"minecraft:golden_helmet":1,"minecraft:diamond_sword":313,"minecraft:wooden_sword":20,"minecraft:grindstone":1,"minecraft:oak_boat":1,"minecraft:air":4,"minecraft:bone_meal":18,"minecraft:oak_fence":1,"minecraft:enchanting_table":1,"minecraft:flint_and_steel":1,"minecraft:redstone":8,"minecraft:cooked_salmon":3,"minecraft:netherrack":252,"minecraft:torch":72,"minecraft:anvil":2,"minecraft:dirt":207,"minecraft:hopper":4,"minecraft:golden_shovel":25,"minecraft:granite":15,"minecraft:nether_brick_stairs":1,"minecraft:oak_fence_gate":2,"minecraft:dark_oak_planks":32,"minecraft:bookshelf":12,"minecraft:iron_boots":1,"minecraft:diamond_chestplate":1,"minecraft:soul_soil":3,"minecraft:cooked_beef":15,"minecraft:cobbled_deepslate":42,"minecraft:observer":10,"minecraft:golden_axe":149,"minecraft:iron_leggings":1,"minecraft:cooked_mutton":11,"minecraft:water_bucket":25,"minecraft:glass_bottle":4,"minecraft:stonecutter":1,"minecraft:cobblestone_slab":43,"minecraft:salmon":2,"minecraft:crafting_table":6,"minecraft:white_bed":11,"minecraft:mud":7,"minecraft:piston":10,"minecraft:wooden_hoe":1,"minecraft:diamond_pickaxe":2260,"minecraft:apple":6,"minecraft:iron_pickaxe":405,"minecraft:stone_axe":119,"minecraft:cobblestone":99,"minecraft:potion":4,"minecraft:porkchop":5,"minecraft:white_banner":1,"minecraft:cooked_porkchop":17,"minecraft:bucket":27},"minecraft:killed_by":{"minecraft:player":1,"minecraft:spider":1,"minecraft:skeleton":1}},"DataVersion":3465}