{"stats":{"minecraft:crafted":{"minecraft:smooth_stone":11,"minecraft:oak_planks":336,"minecraft:oak_sign":3,"minecraft:cobblestone_slab":126,"minecraft:blaze_powder":12,"minecraft:birch_slab":24,"minecraft:stone":11,"minecraft:bookshelf":13,"minecraft:glass":69,"minecraft:hopper":4,"minecraft:bow":1,"minecraft:iron_boots":2,"minecraft:chest":21,"minecraft:smoker":1,"minecraft:glass_bottle":3,"minecraft:cooked_porkchop":1,"minecraft:diamond_axe":1,"minecraft:crafting_table":7,"minecraft:wooden_pickaxe":1,"minecraft:iron_helmet":2,"minecraft:birch_planks":20,"minecraft:lectern":1,"minecraft:book":7,"minecraft:wooden_hoe":1,"minecraft:paper":12,"minecraft:diamond_pickaxe":1,"minecraft:yellow_dye":38,"minecraft:shield":2,"minecraft:stick":136,"minecraft:light_blue_dye":22,"minecraft:iron_ingot":13,"minecraft:iron_pickaxe":4,"minecraft:iron_block":3,"minecraft:gold_ingot":14,"minecraft:shears":1,"minecraft:golden_carrot":15,"minecraft:wooden_sword":1,"minecraft:fishing_rod":1,"minecraft:furnace":1,"minecraft:blast_furnace":1,"minecraft:piston":4,"minecraft:bone_meal":60,"minecraft:glass_pane":16,"minecraft:flint_and_steel":1,"minecraft:iron_axe":1,"minecraft:ladder":6,"minecraft:iron_hoe":2,"minecraft:stone_pickaxe":1,"minecraft:dark_oak_planks":276,"minecraft:golden_helmet":1,"minecraft:observer":4,"minecraft:wheat":279,"minecraft:cooked_beef":15,"minecraft:sugar":4,"minecraft:diamond_sword":1,"minecraft:enchanting_table":1,"minecraft:iron_sword":1,"minecraft:golden_shovel":1,"minecraft:bucket":1,"minecraft:stone_axe":4,"minecraft:air":0,"minecraft:bread":86,"minecraft:blue_dye":63,"minecraft:oak_boat":1,"minecraft:white_wool":14,"minecraft:gold_nugget":126,"minecraft:fermented_spider_eye":1,"minecraft:iron_shovel":4,"minecraft:anvil":1,"minecraft:white_bed":6,"minecraft:torch":232,"minecraft:clay":153},"minecraft:picked_up":{"minecraft:iron_chestplate":7,"minecraft:wheat":9,"minecraft:anvil":1,"minecraft:nether_brick_fence":36,"minecraft:flower_pot":3,"minecraft:diamond_sword":1,"minecraft:enchanted_book":2,"minecraft:brewing_stand":3,"minecraft:string":113,"minecraft:soul_soil":29,"minecraft:raw_copper":23,"minecraft:iron_leggings":4,"minecraft:oak_sign":4,"minecraft:beetroot":3,"minecraft:diamond_leggings":3,"minecraft:red_sand":1,"minecraft:gold_nugget":35,"minecraft:cobbled_deepslate":1074,"minecraft:bucket":1,"minecraft:dark_oak_leaves":30,"minecraft:cobblestone_slab":5,"minecraft:azalea":2,"minecraft:iron_pickaxe":12,"minecraft:melon_slice":52,"minecraft:iron_boots":4,"minecraft:golden_helmet":3,"minecraft:stick":229,"minecraft:composter":1,"minecraft:oak_fence":13,"minecraft:torch":430,"minecraft:porkchop":27,"minecraft:golden_axe":1,"minecraft:diorite":7,"minecraft:cauldron":4,"minecraft:orange_bed":2,"minecraft:stone_sword":2,"minecraft:cactus":6,"minecraft:rotten_flesh":102,"minecraft:blaze_rod":20,"minecraft:obsidian":16,"minecraft:cobblestone":466,"minecraft:birch_log":5,"minecraft:leather_chestplate":3,"minecraft:birch_slab":3,"minecraft:water_bucket":1,"minecraft:andesite":23,"minecraft:brown_wool":2,"minecraft:potato":2,"minecraft:flint":2,"minecraft:tuff":54,"minecraft:wither_skeleton_skull":4,"minecraft:lapis_lazuli":119,"minecraft:dirt":588,"minecraft:name_tag":1,"minecraft:bone":111,"minecraft:bow":3,"minecraft:stonecutter":3,"minecraft:wheat_seeds":190,"minecraft:raw_gold":16,"minecraft:grindstone":4,"minecraft:diamond_helmet":3,"minecraft:powered_rail":8,"minecraft:moss_block":10,"minecraft:oak_planks":90,"minecraft:cooked_porkchop":42,"minecraft:sand":195,"minecraft:nether_brick_stairs":1,"minecraft:grass_block":1,"minecraft:dark_oak_log":1198,"minecraft:clay":1,"minecraft:sugar":3,"minecraft:diamond":9,"minecraft:granite":110,"minecraft:bone_meal":20,"minecraft:emerald":60,"minecraft:golden_horse_armor":4,"minecraft:bread":96,"minecraft:oak_sapling":32,"minecraft:netherrack":677,"minecraft:crimson_roots":2,"minecraft:diamond_pickaxe":5,"minecraft:mud":7,"minecraft:crafting_table":1,"minecraft:splash_potion":3,"minecraft:chicken":1,"minecraft:nether_wart":1127,"minecraft:clay_ball":615,"minecraft:chest_minecart":3,"minecraft:leather_leggings":2,"minecraft:brown_mushroom":8,"minecraft:wooden_pickaxe":4,"minecraft:diamond_horse_armor":1,"minecraft:chain":16,"minecraft:shield":4,"minecraft:red_bed":1,"minecraft:iron_axe":1,"minecraft:iron_shovel":4,"minecraft:blue_orchid":48,"minecraft:detector_rail":2,"minecraft:beef":8,"minecraft:observer":6,"minecraft:iron_nugget":1,"minecraft:sugar_cane":54,"minecraft:chest":3,"minecraft:piston":9,"minecraft:dark_oak_sapling":74,"minecraft:raw_iron":73,"minecraft:sandstone":6,"minecraft:carrot":302,"minecraft:redstone":182,"minecraft:iron_horse_armor":1,"minecraft:dark_oak_planks":5,"minecraft:arrow":20,"minecraft:weeping_vines":1,"minecraft:diamond_chestplate":3,"minecraft:cooked_cod":4,"minecraft:beetroot_seeds":3,"minecraft:nether_bricks":5,"minecraft:shears":2,"minecraft:diamond_boots":2,"minecraft:hay_block":34,"minecraft:saddle":2,"minecraft:gold_ingot":33,"minecraft:glow_berries":2,"minecraft:mutton":10,"minecraft:bone_block":6,"minecraft:rail":68,"minecraft:white_wool":71,"minecraft:oxeye_daisy":2,"minecraft:clock":1,"minecraft:golden_carrot":28,"minecraft:glow_ink_sac":2,"minecraft:salmon":5,"minecraft:leather":2,"minecraft:red_mushroom":44,"minecraft:filled_map":3,"minecraft:birch_planks":14,"minecraft:oak_log":117,"minecraft:golden_boots":1,"minecraft:gunpowder":10,"minecraft:white_banner":2,"minecraft:orange_terracotta":6,"minecraft:coast_armor_trim_smithing_template":2,"minecraft:apple":22,"minecraft:iron_ingot":24,"minecraft:oak_fence_gate":2,"minecraft:stone_pickaxe":1,"minecraft:iron_sword":4,"minecraft:flowering_azalea":4,"minecraft:soul_sand":159,"minecraft:book":81,"minecraft:quartz":33,"minecraft:dandelion":38,"minecraft:gravel":55,"minecraft:white_bed":13,"minecraft:spider_eye":9,"minecraft:pumpkin_seeds":2,"minecraft:stone_axe":2,"minecraft:rib_armor_trim_smithing_template":1,"minecraft:chainmail_leggings":2,"minecraft:iron_helmet":3,"minecraft:diamond_axe":10,"minecraft:melon_seeds":11,"minecraft:coal":65,"minecraft:ender_pearl":2},"minecraft:broken":{"minecraft:iron_shovel":1,"minecraft:golden_boots":1,"minecraft:iron_sword":1,"minecraft:iron_hoe":1,"minecraft:golden_axe":2,"minecraft:iron_pickaxe":2},"minecraft:used":{"minecraft:red_sand":1,"minecraft:iron_shovel":768,"minecraft:ladder":6,"minecraft:oak_sign":1,"minecraft:chest":22,"minecraft:shield":30,"minecraft:iron_sword":245,"minecraft:nether_wart":393,"minecraft:rotten_flesh":1,"minecraft:soul_sand":115,"minecraft:mutton":8,"minecraft:carrot":103,"minecraft:axolotl_bucket":1,"minecraft:obsidian":10,"minecraft:glass":42,"minecraft:lava_bucket":1,"minecraft:iron_helmet":1,"minecraft:rabbit_stew":2,"minecraft:oak_sapling":20,"minecraft:furnace":1,"minecraft:dark_oak_sapling":74,"minecraft:wither_skeleton_skull":3,"minecraft:oak_planks":46,"minecraft:stone_pickaxe":78,"minecraft:wooden_pickaxe":9,"minecraft:sugar_cane":15,"minecraft:diamond_axe":1222,"minecraft:glow_berries":1,"minecraft:sand":11,"minecraft:shears":31,"minecraft:dark_oak_log":8,"minecraft:melon_slice":3,"minecraft:birch_slab":3,"minecraft:bread":53,"minecraft:brown_wool":2,"minecraft:gravel":7,"minecraft:golden_helmet":1,"minecraft:wooden_sword":20,"minecraft:diamond_sword":313,"minecraft:grindstone":1,"minecraft:oak_boat":1,"minecraft:air":4,"minecraft:bone_meal":26,"minecraft:oak_fence":1,"minecraft:stone_sword":49,"minecraft:enchanting_table":1,"minecraft:flint_and_steel":1,"minecraft:redstone":8,"minecraft:cooked_salmon":3,"minecraft:netherrack":267,"minecraft:orange_bed":2,"minecraft:anvil":2,"minecraft:torch":89,"minecraft:dirt":214,"minecraft:hopper":4,"minecraft:golden_shovel":25,"minecraft:granite":15,"minecraft:nether_brick_stairs":1,"minecraft:oak_fence_gate":2,"minecraft:iron_hoe":252,"minecraft:dark_oak_planks":32,"minecraft:bookshelf":12,"minecraft:iron_axe":39,"minecraft:iron_boots":2,"minecraft:diamond_chestplate":1,"minecraft:golden_carrot":3,"minecraft:soul_soil":3,"minecraft:cooked_beef":15,"minecraft:cobbled_deepslate":44,"minecraft:observer":10,"minecraft:golden_axe":149,"minecraft:iron_leggings":1,"minecraft:cooked_mutton":15,"minecraft:water_bucket":25,"minecraft:glass_bottle":7,"minecraft:cauldron":2,"minecraft:stonecutter":1,"minecraft:cobblestone_slab":43,"minecraft:salmon":2,"minecraft:crafting_table":7,"minecraft:red_bed":1,"minecraft:white_bed":13,"minecraft:mud":7,"minecraft:piston":10,"minecraft:wooden_hoe":1,"minecraft:diamond_pickaxe":2260,"minecraft:apple":7,"minecraft:iron_pickaxe":493,"minecraft:stone_axe":119,"minecraft:cobblestone":99,"minecraft:potion":4,"minecraft:porkchop":5,"minecraft:white_banner":1,"minecraft:cooked_porkchop":37,"minecraft:bucket":27,"minecraft:chainmail_leggings":1},"minecraft:killed_by":{"minecraft:creeper":1,"minecraft:zombie":1,"minecraft:player":2,"minecraft:spider":1,"minecraft:skeleton":3},"minecraft:custom":{"minecraft:animals_bred":2,"minecraft:interact_with_crafting_table":135,"minecraft:leave_game":5,"minecraft:time_since_death":4440,"minecraft:sprint_one_cm":1930573,"minecraft:damage_blocked_by_shield":990,"minecraft:drop":354,"minecraft:talked_to_villager":39,"minecraft:play_time":732206,"minecraft:deaths":13,"minecraft:jump":9633,"minecraft:interact_with_brewingstand":7,"minecraft:walk_on_water_one_cm":76795,"minecraft:enchant_item":6,"minecraft:interact_with_furnace":86,"minecraft:traded_with_villager":4,"minecraft:sleep_in_bed":41,"minecraft:damage_dealt":33683,"minecraft:player_kills":1,"minecraft:crouch_one_cm":26713,"minecraft:horse_one_cm":2096706,"minecraft:interact_with_smithing_table":2,"minecraft:interact_with_anvil":5,"minecraft:mob_kills":200,"minecraft:climb_one_cm":7868,"minecraft:walk_one_cm":1533843,"minecraft:raid_win":1,"minecraft:sneak_time":9503,"minecraft:walk_under_water_one_cm":96091,"minecraft:boat_one_cm":153793,"minecraft:total_world_time":732206,"minecraft:raid_trigger":1,"minecraft:interact_with_stonecutter":2,"minecraft:interact_with_grindstone":5,"minecraft:time_since_rest":4555,"minecraft:damage_taken":10778,"minecraft:swim_one_cm":104951,"minecraft:fly_one_cm":1979593,"minecraft:open_chest":801,"minecraft:fall_one_cm":236646},"minecraft:dropped":{"minecraft:clay":1,"minecraft:piston":3,"minecraft:porkchop":8,"minecraft:diamond_axe":7,"minecraft:lapis_lazuli":53,"minecraft:diamond":6,"minecraft:leather":1,"minecraft:saddle":1,"minecraft:emerald":15,"minecraft:dirt":52,"minecraft:wooden_sword":1,"minecraft:iron_pickaxe":4,"minecraft:dark_oak_planks":5,"minecraft:fishing_rod":1,"minecraft:bone":3,"minecraft:gravel":3,"minecraft:stone_axe":3,"minecraft:sugar_cane":8,"minecraft:iron_nugget":1,"minecraft:golden_chestplate":2,"minecraft:cobbled_deepslate":113,"minecraft:rotten_flesh":35,"minecraft:white_bed":4,"minecraft:leather_chestplate":3,"minecraft:gunpowder":3,"minecraft:azalea":2,"minecraft:arrow":10,"minecraft:splash_potion":3,"minecraft:netherrack":20,"minecraft:lectern":1,"minecraft:iron_ingot":19,"minecraft:golden_boots":1,"minecraft:bread":69,"minecraft:wheat_seeds":70,"minecraft:golden_helmet":1,"minecraft:iron_helmet":3,"minecraft:golden_axe":3,"minecraft:cobblestone":7,"minecraft:apple":2,"minecraft:granite":51,"minecraft:stick":2,"minecraft:oxeye_daisy":1,"minecraft:dark_oak_leaves":30,"minecraft:diorite":6,"minecraft:golden_carrot":12,"minecraft:wooden_hoe":1,"minecraft:torch":166,"minecraft:rib_armor_trim_smithing_template":1,"minecraft:iron_leggings":2,"minecraft:golden_hoe":2,"minecraft:iron_axe":2,"minecraft:nether_wart":64,"minecraft:raw_copper":23,"minecraft:bowl":2,"minecraft:tuff":2,"minecraft:raw_iron":1,"minecraft:chicken":1,"minecraft:clay_ball":3,"minecraft:iron_boots":2,"minecraft:smoker":1,"minecraft:iron_hoe":1,"minecraft:oak_sign":1,"minecraft:blast_furnace":1,"minecraft:filled_map":4,"minecraft:diamond_sword":1,"minecraft:shield":5,"minecraft:diamond_pickaxe":2,"minecraft:iron_chestplate":2,"minecraft:andesite":6,"minecraft:oak_sapling":4,"minecraft:spider_eye":7,"minecraft:bow":2,"minecraft:raw_gold":2},"minecraft:killed":{"minecraft:cave_spider":14,"minecraft:zombified_piglin":1,"minecraft:witch":1,"minecraft:spider":12,"minecraft:skeleton":32,"minecraft:magma_cube":13,"minecraft:pig":12,"minecraft:zombie_villager":1,"minecraft:salmon":4,"minecraft:creeper":6,"minecraft:sheep":4,"minecraft:pillager":8,"minecraft:zombie":57,"minecraft:cow":2,"minecraft:blaze":6,"minecraft:drowned":2,"minecraft:wither_skeleton":17,"minecraft:enderman":3},"minecraft:mined":{"minecraft:dark_oak_planks":5,"minecraft:white_bed":10,"minecraft:potted_cactus":1,"minecraft:brewing_stand":1,"minecraft:obsidian":14,"minecraft:cave_vines_plant":1,"minecraft:granite":84,"minecraft:red_sand":1,"minecraft:grass_block":263,"minecraft:brown_wool":1,"minecraft:soul_soil":20,"minecraft:composter":1,"minecraft:oxeye_daisy":3,"minecraft:nether_wart":320,"minecraft:spawner":1,"minecraft:weeping_vines_plant":2,"minecraft:iron_ore":35,"minecraft:cobbled_deepslate":4,"minecraft:fire":6,"minecraft:anvil":1,"minecraft:deepslate_lapis_ore":5,"minecraft:nether_brick_stairs":1,"minecraft:water_cauldron":2,"minecraft:dirt_path":20,"minecraft:azalea":2,"minecraft:blue_orchid":29,"minecraft:orange_bed":2,"minecraft:deepslate_redstone_ore":29,"minecraft:red_bed":1,"minecraft:melon_stem":3,"minecraft:crimson_nylium":14,"minecraft:soul_fire":1,"minecraft:orange_terracotta":2,"minecraft:clay":146,"minecraft:torch":20,"minecraft:melon":4,"minecraft:chest":1,"minecraft:dead_bush":4,"minecraft:mushroom_stem":8,"minecraft:nether_quartz_ore":21,"minecraft:cobblestone":53,"minecraft:oak_planks":3,"minecraft:grindstone":2,"minecraft:sugar_cane":22,"minecraft:wall_torch":8,"minecraft:cauldron":2,"minecraft:chain":16,"minecraft:mud":7,"minecraft:wheat":2,"minecraft:grass":604,"minecraft:oak_log":115,"minecraft:beetroots":1,"minecraft:oak_fence_gate":1,"minecraft:dark_oak_sapling":9,"minecraft:sand":181,"minecraft:dirt":149,"minecraft:wither_skeleton_skull":2,"minecraft:red_mushroom_block":45,"minecraft:stonecutter":1,"minecraft:netherrack":671,"minecraft:piston":6,"minecraft:deepslate":1147,"minecraft:oak_leaves":260,"minecraft:nether_gold_ore":5,"minecraft:tuff":85,"minecraft:dark_oak_leaves":89,"minecraft:deepslate_diamond_ore":10,"minecraft:dark_oak_log":1045,"minecraft:glow_lichen":1,"minecraft:nether_bricks":1,"minecraft:jungle_planks":1,"minecraft:crimson_roots":1,"minecraft:redstone_wire":4,"minecraft:brown_mushroom_block":45,"minecraft:birch_slab":2,"minecraft:moss_block":13,"minecraft:sandstone":2,"minecraft:hay_block":22,"minecraft:redstone_ore":10,"minecraft:carrots":76,"minecraft:andesite":23,"minecraft:peony":1,"minecraft:nether_brick_fence":6,"minecraft:bookshelf":9,"minecraft:cobblestone_slab":7,"minecraft:deepslate_iron_ore":25,"minecraft:vine":5,"minecraft:stone":397,"minecraft:bone_block":5,"minecraft:flowering_azalea":4,"minecraft:soul_sand":128,"minecraft:dandelion":40,"minecraft:observer":6,"minecraft:oak_fence":4,"minecraft:crafting_table":1,"minecraft:copper_ore":9,"minecraft:tall_grass":136,"minecraft:lapis_ore":1,"minecraft:deepslate_gold_ore":11,"minecraft:diorite":6,"minecraft:cactus":1,"minecraft:birch_leaves":15,"minecraft:coal_ore":41,"minecraft:gravel":19,"minecraft:cobweb":88}},"DataVersion":3465}