{"stats":{"minecraft:dropped":{"minecraft:cod":3},"minecraft:crafted":{"minecraft:wooden_sword":2,"minecraft:oak_planks":24,"minecraft:stick":4,"minecraft:chest":1,"minecraft:white_bed":1},"minecraft:picked_up":{"minecraft:nautilus_shell":2,"minecraft:fishing_rod":2,"minecraft:crafting_table":3,"minecraft:wheat":9,"minecraft:salmon":24,"minecraft:diamond_sword":1,"minecraft:potato":7,"minecraft:oak_log":6,"minecraft:string":1,"minecraft:dirt":6,"minecraft:wooden_sword":1,"minecraft:pufferfish":1,"minecraft:beetroot":12,"minecraft:diamond_leggings":1,"minecraft:wheat_seeds":36,"minecraft:beef":1,"minecraft:diamond_helmet":1,"minecraft:diamond_hoe":1,"minecraft:oak_fence":1,"minecraft:torch":1,"minecraft:white_bed":1,"minecraft:carrot":10,"minecraft:diamond_chestplate":1,"minecraft:beetroot_seeds":38,"minecraft:diamond_boots":1,"minecraft:bone_meal":1,"minecraft:bread":34,"minecraft:coal":18,"minecraft:mutton":8,"minecraft:cod":8,"minecraft:cobblestone":1,"minecraft:white_wool":4,"minecraft:diamond_pickaxe":1},"minecraft:killed":{"minecraft:salmon":15,"minecraft:sheep":4,"minecraft:skeleton":1,"minecraft:zombie":1,"minecraft:cow":1},"minecraft:custom":{"minecraft:mob_kills":22,"minecraft:interact_with_crafting_table":3,"minecraft:leave_game":2,"minecraft:time_since_death":29046,"minecraft:sleep_in_bed":7,"minecraft:climb_one_cm":2169,"minecraft:time_since_rest":3807,"minecraft:sprint_one_cm":107744,"minecraft:damage_taken":486,"minecraft:walk_one_cm":204084,"minecraft:drop":3,"minecraft:damage_dealt":1238,"minecraft:swim_one_cm":34914,"minecraft:fly_one_cm":7580,"minecraft:open_chest":8,"minecraft:play_time":67529,"minecraft:deaths":1,"minecraft:walk_under_water_one_cm":15949,"minecraft:jump":325,"minecraft:walk_on_water_one_cm":20911,"minecraft:total_world_time":67529,"minecraft:fish_caught":14,"minecraft:fall_one_cm":4553,"minecraft:horse_one_cm":1283},"minecraft:mined":{"minecraft:white_bed":1,"minecraft:oak_fence":1,"minecraft:crafting_table":3,"minecraft:grass_block":4,"minecraft:tall_grass":5,"minecraft:tall_seagrass":3,"minecraft:carrots":3,"minecraft:wheat":10,"minecraft:grass":35,"minecraft:oak_log":6,"minecraft:potatoes":4,"minecraft:coal_ore":18,"minecraft:beetroots":16,"minecraft:dirt":2,"minecraft:stone":1,"minecraft:oak_leaves":1},"minecraft:used":{"minecraft:beetroot":2,"minecraft:wheat_seeds":36,"minecraft:diamond_hoe":20,"minecraft:chest":1,"minecraft:salmon":6,"minecraft:dirt":2,"minecraft:mutton":8,"minecraft:crafting_table":3,"minecraft:carrot":10,"minecraft:white_bed":1,"minecraft:cod":5,"minecraft:diamond_pickaxe":24,"minecraft:fishing_rod":37,"minecraft:diamond_sword":7,"minecraft:wooden_sword":72,"minecraft:beef":1,"minecraft:beetroot_seeds":45,"minecraft:potato":4}},"DataVersion":3465}