{"stats":{"minecraft:dropped":{"minecraft:cod":3},"minecraft:mined":{"minecraft:tall_seagrass":3,"minecraft:white_bed":1,"minecraft:carrots":3,"minecraft:wheat":8,"minecraft:oak_fence":1,"minecraft:crafting_table":3,"minecraft:grass":34,"minecraft:grass_block":2,"minecraft:potatoes":4,"minecraft:oak_log":6,"minecraft:beetroots":14,"minecraft:tall_grass":5,"minecraft:oak_leaves":1},"minecraft:used":{"minecraft:wheat_seeds":29,"minecraft:diamond_hoe":2,"minecraft:chest":1,"minecraft:dirt":2,"minecraft:salmon":5,"minecraft:fishing_rod":29,"minecraft:wooden_sword":72,"minecraft:mutton":8,"minecraft:beef":1,"minecraft:crafting_table":3,"minecraft:beetroot_seeds":37,"minecraft:carrot":10,"minecraft:white_bed":1,"minecraft:cod":2,"minecraft:potato":4,"minecraft:beetroot":1},"minecraft:killed":{"minecraft:skeleton":1,"minecraft:sheep":4,"minecraft:salmon":15,"minecraft:cow":1},"minecraft:custom":{"minecraft:time_since_rest":12126,"minecraft:sprint_one_cm":90896,"minecraft:damage_taken":455,"minecraft:walk_one_cm":180080,"minecraft:mob_kills":21,"minecraft:drop":3,"minecraft:damage_dealt":1038,"minecraft:swim_one_cm":34914,"minecraft:interact_with_crafting_table":3,"minecraft:fly_one_cm":4502,"minecraft:open_chest":8,"minecraft:play_time":57580,"minecraft:deaths":1,"minecraft:walk_under_water_one_cm":15949,"minecraft:jump":265,"minecraft:leave_game":1,"minecraft:time_since_death":19097,"minecraft:walk_on_water_one_cm":20863,"minecraft:sleep_in_bed":6,"minecraft:climb_one_cm":2169,"minecraft:total_world_time":57580,"minecraft:fish_caught":12,"minecraft:fall_one_cm":3742,"minecraft:horse_one_cm":1283},"minecraft:picked_up":{"minecraft:nautilus_shell":2,"minecraft:fishing_rod":2,"minecraft:wheat":8,"minecraft:crafting_table":3,"minecraft:salmon":23,"minecraft:oak_fence":1,"minecraft:diamond_sword":1,"minecraft:potato":7,"minecraft:oak_log":6,"minecraft:white_bed":1,"minecraft:carrot":10,"minecraft:dirt":2,"minecraft:string":1,"minecraft:wooden_sword":1,"minecraft:diamond_chestplate":1,"minecraft:pufferfish":1,"minecraft:beetroot":11,"minecraft:beetroot_seeds":29,"minecraft:diamond_leggings":1,"minecraft:wheat_seeds":29,"minecraft:diamond_boots":1,"minecraft:beef":1,"minecraft:bone_meal":1,"minecraft:bread":34,"minecraft:diamond_helmet":1,"minecraft:mutton":8,"minecraft:cod":7,"minecraft:diamond_hoe":1,"minecraft:white_wool":4,"minecraft:diamond_pickaxe":1},"minecraft:crafted":{"minecraft:wooden_sword":2,"minecraft:oak_planks":24,"minecraft:stick":4,"minecraft:chest":1,"minecraft:white_bed":1}},"DataVersion":3465}