{"stats":{"minecraft:mined":{"minecraft:tall_seagrass":3,"minecraft:white_bed":1,"minecraft:carrots":2,"minecraft:wheat":7,"minecraft:oak_fence":1,"minecraft:crafting_table":3,"minecraft:grass":7,"minecraft:potatoes":1,"minecraft:oak_log":6,"minecraft:beetroots":8,"minecraft:oak_leaves":1},"minecraft:used":{"minecraft:wheat_seeds":7,"minecraft:chest":1,"minecraft:salmon":1,"minecraft:fishing_rod":18,"minecraft:wooden_sword":50,"minecraft:mutton":8,"minecraft:beef":1,"minecraft:crafting_table":3,"minecraft:beetroot_seeds":8,"minecraft:carrot":2,"minecraft:white_bed":1,"minecraft:potato":1},"minecraft:killed":{"minecraft:sheep":4,"minecraft:salmon":15,"minecraft:cow":1},"minecraft:custom":{"minecraft:time_since_rest":1386,"minecraft:sprint_one_cm":60885,"minecraft:damage_taken":370,"minecraft:walk_one_cm":115438,"minecraft:mob_kills":20,"minecraft:damage_dealt":919,"minecraft:swim_one_cm":33947,"minecraft:interact_with_crafting_table":3,"minecraft:fly_one_cm":3354,"minecraft:open_chest":3,"minecraft:play_time":39580,"minecraft:deaths":1,"minecraft:walk_under_water_one_cm":12290,"minecraft:jump":186,"minecraft:leave_game":1,"minecraft:time_since_death":1097,"minecraft:walk_on_water_one_cm":14874,"minecraft:sleep_in_bed":4,"minecraft:climb_one_cm":2169,"minecraft:total_world_time":39580,"minecraft:fish_caught":7,"minecraft:fall_one_cm":3533,"minecraft:horse_one_cm":1283},"minecraft:picked_up":{"minecraft:nautilus_shell":1,"minecraft:fishing_rod":1,"minecraft:wheat":6,"minecraft:crafting_table":3,"minecraft:salmon":19,"minecraft:oak_fence":1,"minecraft:potato":4,"minecraft:oak_log":6,"minecraft:white_bed":1,"minecraft:carrot":9,"minecraft:beetroot":7,"minecraft:beetroot_seeds":16,"minecraft:wheat_seeds":21,"minecraft:beef":1,"minecraft:bone_meal":1,"minecraft:mutton":8,"minecraft:cod":3,"minecraft:white_wool":4},"minecraft:crafted":{"minecraft:wooden_sword":2,"minecraft:oak_planks":24,"minecraft:stick":4,"minecraft:chest":1,"minecraft:white_bed":1}},"DataVersion":3465}