{"stats":{"minecraft:picked_up":{"minecraft:nautilus_shell":2,"minecraft:fishing_rod":2,"minecraft:crafting_table":3,"minecraft:wheat":17,"minecraft:salmon":24,"minecraft:diamond_sword":1,"minecraft:potato":48,"minecraft:gold_block":1,"minecraft:oak_log":6,"minecraft:wooden_hoe":1,"minecraft:string":1,"minecraft:dirt":6,"minecraft:wooden_sword":1,"minecraft:pufferfish":1,"minecraft:beetroot":16,"minecraft:diamond_leggings":1,"minecraft:wheat_seeds":72,"minecraft:beef":1,"minecraft:diamond_helmet":1,"minecraft:diamond_hoe":1,"minecraft:oak_fence":1,"minecraft:torch":1,"minecraft:poisonous_potato":1,"minecraft:white_bed":2,"minecraft:carrot":36,"minecraft:orange_bed":1,"minecraft:diamond_chestplate":1,"minecraft:beetroot_seeds":40,"minecraft:diamond_boots":1,"minecraft:bone_meal":1,"minecraft:saddle":1,"minecraft:bread":34,"minecraft:diamond_pickaxe":1,"minecraft:coal":18,"minecraft:mutton":8,"minecraft:cod":8,"minecraft:white_wool":4,"minecraft:cobblestone":1},"minecraft:dropped":{"minecraft:wheat":3,"minecraft:cod":3},"minecraft:killed":{"minecraft:salmon":15,"minecraft:sheep":4,"minecraft:skeleton":1,"minecraft:zombie":1,"minecraft:cow":1},"minecraft:used":{"minecraft:beetroot":6,"minecraft:wheat_seeds":49,"minecraft:diamond_hoe":48,"minecraft:chest":1,"minecraft:salmon":6,"minecraft:dirt":2,"minecraft:mutton":8,"minecraft:crafting_table":3,"minecraft:carrot":22,"minecraft:white_bed":2,"minecraft:cod":5,"minecraft:diamond_pickaxe":25,"minecraft:wooden_sword":72,"minecraft:fishing_rod":37,"minecraft:diamond_sword":7,"minecraft:beef":1,"minecraft:beetroot_seeds":48,"minecraft:potato":32,"minecraft:bone_meal":25},"minecraft:custom":{"minecraft:mob_kills":22,"minecraft:interact_with_crafting_table":5,"minecraft:leave_game":2,"minecraft:time_since_death":55483,"minecraft:sleep_in_bed":10,"minecraft:climb_one_cm":2169,"minecraft:time_since_rest":2903,"minecraft:sprint_one_cm":132363,"minecraft:damage_taken":522,"minecraft:walk_one_cm":305805,"minecraft:drop":6,"minecraft:damage_dealt":1250,"minecraft:swim_one_cm":34914,"minecraft:fly_one_cm":10974,"minecraft:open_chest":28,"minecraft:play_time":93966,"minecraft:deaths":1,"minecraft:walk_under_water_one_cm":15949,"minecraft:jump":531,"minecraft:walk_on_water_one_cm":25676,"minecraft:total_world_time":93966,"minecraft:fish_caught":14,"minecraft:fall_one_cm":6436,"minecraft:horse_one_cm":157452},"minecraft:mined":{"minecraft:white_bed":1,"minecraft:oak_fence":1,"minecraft:crafting_table":3,"minecraft:grass_block":4,"minecraft:tall_grass":5,"minecraft:tall_seagrass":3,"minecraft:carrots":10,"minecraft:wheat":18,"minecraft:gold_block":1,"minecraft:grass":35,"minecraft:oak_log":6,"minecraft:potatoes":15,"minecraft:coal_ore":18,"minecraft:beetroots":16,"minecraft:dirt":2,"minecraft:stone":1,"minecraft:oak_leaves":1,"minecraft:orange_bed":1},"minecraft:crafted":{"minecraft:wooden_sword":2,"minecraft:oak_planks":24,"minecraft:stick":4,"minecraft:chest":1,"minecraft:gold_ingot":9,"minecraft:white_bed":1}},"DataVersion":3465}