{"stats":{"minecraft:dropped":{"minecraft:enchanted_book":1,"minecraft:golden_boots":1,"minecraft:iron_ingot":2,"minecraft:bread":24,"minecraft:diamond_axe":1,"minecraft:diamond":10,"minecraft:crafting_table":1,"minecraft:oak_fence":4,"minecraft:chest_minecart":2,"minecraft:rail":24,"minecraft:coal":14,"minecraft:stick":2,"minecraft:gold_block":2,"minecraft:torch":1,"minecraft:iron_pickaxe":3,"minecraft:string":2,"minecraft:birch_log":5,"minecraft:redstone":6,"minecraft:bone":1,"minecraft:stone_sword":1,"minecraft:cobbled_deepslate":5,"minecraft:composter":1,"minecraft:raw_iron":36,"minecraft:rotten_flesh":5,"minecraft:name_tag":2,"minecraft:pumpkin_seeds":2,"minecraft:gunpowder":1,"minecraft:iron_chestplate":1,"minecraft:melon_seeds":4,"minecraft:oak_sapling":3,"minecraft:raw_gold":2},"minecraft:picked_up":{"minecraft:crafting_table":5,"minecraft:iron_chestplate":5,"minecraft:nether_brick_fence":6,"minecraft:nether_wart":120,"minecraft:leather_leggings":1,"minecraft:chest_minecart":3,"minecraft:gold_block":2,"minecraft:enchanted_book":2,"minecraft:string":6,"minecraft:iron_axe":1,"minecraft:iron_leggings":4,"minecraft:oak_sign":2,"minecraft:cobbled_deepslate":1603,"minecraft:beef":1,"minecraft:iron_pickaxe":10,"minecraft:chest":2,"minecraft:birch_sapling":15,"minecraft:iron_boots":4,"minecraft:golden_helmet":2,"minecraft:stick":66,"minecraft:raw_iron":73,"minecraft:composter":5,"minecraft:oak_fence":18,"minecraft:torch":210,"minecraft:golden_axe":2,"minecraft:diorite":6,"minecraft:carrot":2,"minecraft:redstone":32,"minecraft:golden_chestplate":1,"minecraft:stone_sword":3,"minecraft:arrow":9,"minecraft:rotten_flesh":51,"minecraft:golden_hoe":1,"minecraft:blaze_rod":6,"minecraft:glow_berries":45,"minecraft:rail":42,"minecraft:white_wool":4,"minecraft:cobblestone":102,"minecraft:birch_log":68,"minecraft:golden_carrot":48,"minecraft:glow_ink_sac":3,"minecraft:birch_slab":40,"minecraft:dark_oak_boat":1,"minecraft:potato":1,"minecraft:birch_planks":2,"minecraft:flint":2,"minecraft:tuff":58,"minecraft:oak_log":27,"minecraft:golden_boots":2,"minecraft:gunpowder":2,"minecraft:dirt":129,"minecraft:name_tag":2,"minecraft:bone":9,"minecraft:wheat_seeds":8,"minecraft:raw_gold":20,"minecraft:iron_ingot":21,"minecraft:moss_block":1,"minecraft:flowering_azalea":2,"minecraft:oak_planks":142,"minecraft:gravel":11,"minecraft:white_bed":2,"minecraft:pumpkin_seeds":2,"minecraft:diamond":16,"minecraft:granite":11,"minecraft:diamond_axe":1,"minecraft:emerald":33,"minecraft:bread":127,"minecraft:coal":35,"minecraft:oak_sapling":6,"minecraft:melon_seeds":4,"minecraft:netherrack":65},"minecraft:mined":{"minecraft:tuff":35,"minecraft:white_bed":1,"minecraft:deepslate_diamond_ore":2,"minecraft:cave_vines_plant":1,"minecraft:grass_block":14,"minecraft:moss_block":1,"minecraft:redstone_ore":1,"minecraft:gold_block":1,"minecraft:cave_vines":1,"minecraft:deepslate_iron_ore":20,"minecraft:stone":39,"minecraft:flowering_azalea":1,"minecraft:crimson_nylium":1,"minecraft:crafting_table":3,"minecraft:torch":4,"minecraft:chest":2,"minecraft:cobblestone":10,"minecraft:deepslate_gold_ore":11,"minecraft:oak_planks":12,"minecraft:diorite":7,"minecraft:wall_torch":8,"minecraft:birch_log":63,"minecraft:grass":52,"minecraft:oak_log":22,"minecraft:gravel":13,"minecraft:dirt":34,"minecraft:netherrack":64,"minecraft:oak_leaves":3,"minecraft:deepslate":1320},"minecraft:killed":{"minecraft:spider":2,"minecraft:skeleton":6,"minecraft:zombie_villager":1,"minecraft:zombie":15,"minecraft:cow":1},"minecraft:crafted":{"minecraft:oak_planks":20,"minecraft:bone_meal":9,"minecraft:iron_axe":1,"minecraft:chest":1,"minecraft:crafting_table":2,"minecraft:birch_planks":4,"minecraft:diamond_pickaxe":1,"minecraft:shield":1,"minecraft:stick":4,"minecraft:iron_pickaxe":5},"minecraft:used":{"minecraft:moss_block":1,"minecraft:stone_sword":23,"minecraft:chest":3,"minecraft:shield":39,"minecraft:rotten_flesh":5,"minecraft:netherrack":5,"minecraft:iron_chestplate":2,"minecraft:torch":139,"minecraft:dirt":65,"minecraft:flowering_azalea":1,"minecraft:iron_axe":170,"minecraft:birch_sapling":15,"minecraft:iron_boots":2,"minecraft:golden_carrot":1,"minecraft:beef":1,"minecraft:dark_oak_boat":1,"minecraft:cobbled_deepslate":4,"minecraft:iron_leggings":2,"minecraft:diorite":4,"minecraft:oak_planks":7,"minecraft:crafting_table":3,"minecraft:white_bed":2,"minecraft:oak_log":8,"minecraft:diamond_pickaxe":22,"minecraft:bread":39,"minecraft:iron_pickaxe":1503,"minecraft:gravel":4,"minecraft:golden_helmet":1,"minecraft:cobblestone":9,"minecraft:bone_meal":9},"minecraft:broken":{"minecraft:golden_helmet":1,"minecraft:stone_sword":1,"minecraft:shield":1,"minecraft:iron_axe":1,"minecraft:iron_pickaxe":6},"minecraft:killed_by":{"minecraft:creeper":1,"minecraft:skeleton":2},"minecraft:custom":{"minecraft:mob_kills":25,"minecraft:interact_with_anvil":1,"minecraft:interact_with_crafting_table":18,"minecraft:leave_game":2,"minecraft:time_since_death":46344,"minecraft:climb_one_cm":1912,"minecraft:sprint_one_cm":612257,"minecraft:walk_one_cm":634911,"minecraft:damage_blocked_by_shield":3165,"minecraft:drop":87,"minecraft:talked_to_villager":74,"minecraft:play_time":184244,"minecraft:deaths":3,"minecraft:sneak_time":5194,"minecraft:walk_under_water_one_cm":1127,"minecraft:boat_one_cm":1218,"minecraft:jump":1877,"minecraft:walk_on_water_one_cm":9001,"minecraft:total_world_time":184244,"minecraft:interact_with_stonecutter":2,"minecraft:sleep_in_bed":10,"minecraft:time_since_rest":46387,"minecraft:damage_taken":2333,"minecraft:damage_dealt":5920,"minecraft:swim_one_cm":10995,"minecraft:fly_one_cm":162810,"minecraft:open_chest":36,"minecraft:crouch_one_cm":6595,"minecraft:fall_one_cm":23173}},"DataVersion":3465}