{"stats":{"minecraft:killed":{"minecraft:spider":2,"minecraft:skeleton":1,"minecraft:zombie":7,"minecraft:cow":1},"minecraft:mined":{"minecraft:tuff":16,"minecraft:flowering_azalea":1,"minecraft:deepslate_diamond_ore":1,"minecraft:crafting_table":1,"minecraft:torch":4,"minecraft:cave_vines_plant":1,"minecraft:cobblestone":7,"minecraft:deepslate_gold_ore":2,"minecraft:moss_block":1,"minecraft:oak_planks":11,"minecraft:diorite":2,"minecraft:wall_torch":8,"minecraft:redstone_ore":1,"minecraft:birch_log":6,"minecraft:grass":1,"minecraft:oak_log":5,"minecraft:cave_vines":1,"minecraft:deepslate_iron_ore":19,"minecraft:stone":31,"minecraft:oak_leaves":1,"minecraft:deepslate":353},"minecraft:dropped":{"minecraft:enchanted_book":1,"minecraft:golden_boots":1,"minecraft:cobbled_deepslate":5,"minecraft:oak_fence":4,"minecraft:rotten_flesh":5,"minecraft:chest_minecart":2,"minecraft:name_tag":2,"minecraft:pumpkin_seeds":2,"minecraft:rail":24,"minecraft:stick":2,"minecraft:gunpowder":1,"minecraft:melon_seeds":4,"minecraft:oak_sapling":3,"minecraft:string":2,"minecraft:birch_log":5,"minecraft:redstone":6,"minecraft:bone":1},"minecraft:picked_up":{"minecraft:birch_log":11,"minecraft:crafting_table":1,"minecraft:iron_chestplate":2,"minecraft:golden_carrot":24,"minecraft:chest_minecart":3,"minecraft:birch_planks":2,"minecraft:enchanted_book":2,"minecraft:tuff":16,"minecraft:oak_log":10,"minecraft:golden_boots":2,"minecraft:gunpowder":2,"minecraft:dirt":23,"minecraft:string":5,"minecraft:iron_axe":1,"minecraft:name_tag":2,"minecraft:iron_leggings":2,"minecraft:bone":2,"minecraft:oak_sign":1,"minecraft:cobbled_deepslate":528,"minecraft:raw_gold":2,"minecraft:iron_ingot":8,"minecraft:beef":1,"minecraft:iron_pickaxe":1,"minecraft:moss_block":1,"minecraft:flowering_azalea":1,"minecraft:birch_sapling":1,"minecraft:oak_planks":16,"minecraft:iron_boots":2,"minecraft:golden_helmet":2,"minecraft:stick":8,"minecraft:raw_iron":18,"minecraft:oak_fence":6,"minecraft:torch":208,"minecraft:diorite":2,"minecraft:redstone":11,"minecraft:pumpkin_seeds":2,"minecraft:arrow":3,"minecraft:rotten_flesh":10,"minecraft:diamond":1,"minecraft:granite":3,"minecraft:bread":79,"minecraft:oak_sapling":6,"minecraft:glow_berries":15,"minecraft:melon_seeds":4,"minecraft:coal":14,"minecraft:rail":42,"minecraft:cobblestone":65},"minecraft:broken":{"minecraft:golden_helmet":1,"minecraft:iron_pickaxe":1},"minecraft:custom":{"minecraft:mob_kills":11,"minecraft:interact_with_crafting_table":8,"minecraft:leave_game":1,"minecraft:time_since_death":26955,"minecraft:climb_one_cm":770,"minecraft:time_since_rest":26977,"minecraft:sprint_one_cm":165032,"minecraft:damage_taken":895,"minecraft:walk_one_cm":175829,"minecraft:damage_blocked_by_shield":1035,"minecraft:drop":29,"minecraft:damage_dealt":2554,"minecraft:swim_one_cm":10995,"minecraft:fly_one_cm":21518,"minecraft:open_chest":7,"minecraft:crouch_one_cm":362,"minecraft:play_time":50050,"minecraft:deaths":1,"minecraft:sneak_time":356,"minecraft:walk_under_water_one_cm":714,"minecraft:jump":799,"minecraft:walk_on_water_one_cm":913,"minecraft:total_world_time":50050,"minecraft:fall_one_cm":5051},"minecraft:killed_by":{"minecraft:skeleton":1},"minecraft:used":{"minecraft:moss_block":1,"minecraft:oak_planks":2,"minecraft:shield":12,"minecraft:rotten_flesh":2,"minecraft:iron_chestplate":1,"minecraft:torch":126,"minecraft:dirt":23,"minecraft:crafting_table":2,"minecraft:bread":12,"minecraft:iron_axe":67,"minecraft:birch_sapling":1,"minecraft:iron_pickaxe":437,"minecraft:iron_boots":1,"minecraft:golden_helmet":1,"minecraft:cobblestone":8,"minecraft:beef":1,"minecraft:iron_leggings":1},"minecraft:crafted":{"minecraft:crafting_table":1,"minecraft:birch_planks":4,"minecraft:shield":1,"minecraft:iron_axe":1,"minecraft:stick":4,"minecraft:iron_pickaxe":2}},"DataVersion":3465}