{"stats":{"minecraft:picked_up":{"minecraft:birch_log":6,"minecraft:golden_helmet":1,"minecraft:raw_iron":1,"minecraft:stick":4,"minecraft:iron_chestplate":1,"minecraft:golden_carrot":12,"minecraft:torch":106,"minecraft:oak_log":5,"minecraft:gunpowder":1,"minecraft:dirt":23,"minecraft:string":2,"minecraft:iron_leggings":1,"minecraft:rotten_flesh":2,"minecraft:cobbled_deepslate":106,"minecraft:beef":1,"minecraft:bread":41,"minecraft:oak_sapling":3,"minecraft:birch_sapling":1,"minecraft:iron_boots":1,"minecraft:rail":5,"minecraft:cobblestone":24},"minecraft:mined":{"minecraft:birch_log":6,"minecraft:torch":1,"minecraft:oak_log":5,"minecraft:deepslate_iron_ore":1,"minecraft:stone":24,"minecraft:wall_torch":7,"minecraft:oak_leaves":1,"minecraft:deepslate":103},"minecraft:custom":{"minecraft:time_since_rest":20867,"minecraft:sprint_one_cm":73113,"minecraft:damage_taken":74,"minecraft:walk_one_cm":76827,"minecraft:mob_kills":5,"minecraft:damage_dealt":893,"minecraft:interact_with_crafting_table":5,"minecraft:fly_one_cm":9550,"minecraft:open_chest":7,"minecraft:crouch_one_cm":8,"minecraft:play_time":20867,"minecraft:sneak_time":115,"minecraft:jump":560,"minecraft:time_since_death":20867,"minecraft:climb_one_cm":276,"minecraft:total_world_time":20867,"minecraft:fall_one_cm":1022},"minecraft:crafted":{"minecraft:iron_axe":1,"minecraft:stick":4,"minecraft:iron_pickaxe":1,"minecraft:birch_planks":4},"minecraft:used":{"minecraft:bread":3,"minecraft:iron_axe":17,"minecraft:birch_sapling":1,"minecraft:iron_pickaxe":128,"minecraft:iron_boots":1,"minecraft:rotten_flesh":2,"minecraft:golden_helmet":1,"minecraft:iron_chestplate":1,"minecraft:torch":36,"minecraft:dirt":23,"minecraft:beef":1,"minecraft:iron_leggings":1},"minecraft:killed":{"minecraft:zombie":3,"minecraft:spider":1,"minecraft:cow":1}},"DataVersion":3465}