{"stats":{"minecraft:picked_up":{"minecraft:birch_log":51,"minecraft:iron_chestplate":2,"minecraft:crafting_table":3,"minecraft:golden_carrot":24,"minecraft:chest_minecart":3,"minecraft:dark_oak_boat":1,"minecraft:birch_planks":2,"minecraft:enchanted_book":2,"minecraft:tuff":32,"minecraft:oak_log":23,"minecraft:golden_boots":2,"minecraft:gunpowder":2,"minecraft:string":6,"minecraft:dirt":58,"minecraft:iron_axe":1,"minecraft:name_tag":2,"minecraft:iron_leggings":2,"minecraft:bone":5,"minecraft:oak_sign":2,"minecraft:wheat_seeds":7,"minecraft:cobbled_deepslate":733,"minecraft:raw_gold":4,"minecraft:iron_ingot":15,"minecraft:beef":1,"minecraft:iron_pickaxe":2,"minecraft:moss_block":1,"minecraft:chest":1,"minecraft:birch_sapling":1,"minecraft:oak_planks":30,"minecraft:flowering_azalea":2,"minecraft:iron_boots":2,"minecraft:golden_helmet":2,"minecraft:stick":8,"minecraft:raw_iron":37,"minecraft:oak_fence":6,"minecraft:torch":210,"minecraft:diorite":5,"minecraft:white_bed":2,"minecraft:carrot":1,"minecraft:redstone":16,"minecraft:pumpkin_seeds":2,"minecraft:arrow":7,"minecraft:rotten_flesh":17,"minecraft:diamond":3,"minecraft:granite":6,"minecraft:bread":103,"minecraft:oak_sapling":6,"minecraft:melon_seeds":4,"minecraft:glow_berries":25,"minecraft:coal":21,"minecraft:rail":42,"minecraft:cobblestone":101},"minecraft:broken":{"minecraft:golden_helmet":1,"minecraft:iron_pickaxe":2},"minecraft:mined":{"minecraft:tuff":16,"minecraft:flowering_azalea":1,"minecraft:white_bed":1,"minecraft:deepslate_diamond_ore":2,"minecraft:crafting_table":2,"minecraft:torch":4,"minecraft:cave_vines_plant":1,"minecraft:grass_block":14,"minecraft:chest":1,"minecraft:cobblestone":10,"minecraft:deepslate_gold_ore":2,"minecraft:moss_block":1,"minecraft:oak_planks":11,"minecraft:wall_torch":8,"minecraft:diorite":5,"minecraft:redstone_ore":1,"minecraft:birch_log":47,"minecraft:grass":45,"minecraft:oak_log":18,"minecraft:cave_vines":1,"minecraft:deepslate_iron_ore":20,"minecraft:dirt":25,"minecraft:stone":31,"minecraft:oak_leaves":1,"minecraft:deepslate":558},"minecraft:dropped":{"minecraft:enchanted_book":1,"minecraft:golden_boots":1,"minecraft:bread":24,"minecraft:cobbled_deepslate":5,"minecraft:diamond":2,"minecraft:crafting_table":1,"minecraft:oak_fence":4,"minecraft:rotten_flesh":5,"minecraft:chest_minecart":2,"minecraft:name_tag":2,"minecraft:rail":24,"minecraft:pumpkin_seeds":2,"minecraft:stick":2,"minecraft:gunpowder":1,"minecraft:torch":1,"minecraft:melon_seeds":4,"minecraft:oak_sapling":3,"minecraft:string":2,"minecraft:birch_log":5,"minecraft:redstone":6,"minecraft:bone":1},"minecraft:custom":{"minecraft:mob_kills":18,"minecraft:interact_with_crafting_table":9,"minecraft:leave_game":1,"minecraft:time_since_death":79999,"minecraft:sleep_in_bed":8,"minecraft:climb_one_cm":1580,"minecraft:time_since_rest":4612,"minecraft:sprint_one_cm":360898,"minecraft:damage_taken":1232,"minecraft:walk_one_cm":348281,"minecraft:damage_blocked_by_shield":2280,"minecraft:drop":57,"minecraft:damage_dealt":4128,"minecraft:swim_one_cm":10995,"minecraft:talked_to_villager":74,"minecraft:fly_one_cm":83853,"minecraft:open_chest":27,"minecraft:crouch_one_cm":1912,"minecraft:play_time":103094,"minecraft:deaths":1,"minecraft:sneak_time":1538,"minecraft:walk_under_water_one_cm":714,"minecraft:boat_one_cm":1218,"minecraft:jump":1227,"minecraft:walk_on_water_one_cm":2838,"minecraft:total_world_time":103094,"minecraft:fall_one_cm":13745},"minecraft:crafted":{"minecraft:oak_planks":20,"minecraft:crafting_table":2,"minecraft:birch_planks":4,"minecraft:shield":1,"minecraft:iron_axe":1,"minecraft:stick":4,"minecraft:iron_pickaxe":2,"minecraft:chest":1},"minecraft:used":{"minecraft:moss_block":1,"minecraft:diorite":4,"minecraft:oak_planks":2,"minecraft:chest":2,"minecraft:shield":29,"minecraft:rotten_flesh":5,"minecraft:iron_chestplate":1,"minecraft:torch":139,"minecraft:dirt":49,"minecraft:crafting_table":3,"minecraft:white_bed":2,"minecraft:oak_log":8,"minecraft:flowering_azalea":1,"minecraft:bread":22,"minecraft:iron_axe":148,"minecraft:birch_sapling":1,"minecraft:iron_pickaxe":651,"minecraft:iron_boots":1,"minecraft:golden_helmet":1,"minecraft:cobblestone":9,"minecraft:beef":1,"minecraft:dark_oak_boat":1,"minecraft:iron_leggings":1},"minecraft:killed":{"minecraft:zombie_villager":1,"minecraft:spider":2,"minecraft:skeleton":3,"minecraft:zombie":11,"minecraft:cow":1},"minecraft:killed_by":{"minecraft:skeleton":1}},"DataVersion":3465}