{"stats":{"minecraft:killed":{"minecraft:zombie_villager":1,"minecraft:spider":2,"minecraft:skeleton":3,"minecraft:zombie":11,"minecraft:cow":1},"minecraft:mined":{"minecraft:tuff":16,"minecraft:flowering_azalea":1,"minecraft:deepslate_diamond_ore":2,"minecraft:crafting_table":1,"minecraft:torch":4,"minecraft:cave_vines_plant":1,"minecraft:cobblestone":7,"minecraft:deepslate_gold_ore":2,"minecraft:moss_block":1,"minecraft:oak_planks":11,"minecraft:diorite":4,"minecraft:wall_torch":8,"minecraft:redstone_ore":1,"minecraft:birch_log":6,"minecraft:grass":1,"minecraft:oak_log":5,"minecraft:cave_vines":1,"minecraft:deepslate_iron_ore":20,"minecraft:stone":31,"minecraft:oak_leaves":1,"minecraft:deepslate":415},"minecraft:dropped":{"minecraft:enchanted_book":1,"minecraft:golden_boots":1,"minecraft:cobbled_deepslate":5,"minecraft:oak_fence":4,"minecraft:rotten_flesh":5,"minecraft:chest_minecart":2,"minecraft:name_tag":2,"minecraft:pumpkin_seeds":2,"minecraft:rail":24,"minecraft:stick":2,"minecraft:gunpowder":1,"minecraft:melon_seeds":4,"minecraft:oak_sapling":3,"minecraft:string":2,"minecraft:birch_log":5,"minecraft:redstone":6,"minecraft:bone":1},"minecraft:picked_up":{"minecraft:birch_log":11,"minecraft:crafting_table":1,"minecraft:iron_chestplate":2,"minecraft:golden_carrot":24,"minecraft:chest_minecart":3,"minecraft:birch_planks":2,"minecraft:enchanted_book":2,"minecraft:tuff":16,"minecraft:oak_log":10,"minecraft:golden_boots":2,"minecraft:gunpowder":2,"minecraft:dirt":23,"minecraft:string":5,"minecraft:iron_axe":1,"minecraft:name_tag":2,"minecraft:iron_leggings":2,"minecraft:bone":4,"minecraft:oak_sign":1,"minecraft:cobbled_deepslate":590,"minecraft:raw_gold":2,"minecraft:iron_ingot":8,"minecraft:beef":1,"minecraft:iron_pickaxe":1,"minecraft:moss_block":1,"minecraft:flowering_azalea":1,"minecraft:birch_sapling":1,"minecraft:oak_planks":16,"minecraft:iron_boots":2,"minecraft:golden_helmet":2,"minecraft:stick":8,"minecraft:raw_iron":19,"minecraft:oak_fence":6,"minecraft:torch":208,"minecraft:diorite":4,"minecraft:white_bed":1,"minecraft:carrot":1,"minecraft:redstone":11,"minecraft:pumpkin_seeds":2,"minecraft:arrow":4,"minecraft:rotten_flesh":16,"minecraft:diamond":2,"minecraft:granite":3,"minecraft:bread":79,"minecraft:oak_sapling":6,"minecraft:glow_berries":15,"minecraft:melon_seeds":4,"minecraft:coal":14,"minecraft:rail":42,"minecraft:cobblestone":65},"minecraft:broken":{"minecraft:golden_helmet":1,"minecraft:iron_pickaxe":2},"minecraft:custom":{"minecraft:mob_kills":18,"minecraft:interact_with_crafting_table":9,"minecraft:sleep_in_bed":4,"minecraft:leave_game":1,"minecraft:time_since_death":38955,"minecraft:climb_one_cm":770,"minecraft:time_since_rest":5558,"minecraft:sprint_one_cm":202967,"minecraft:damage_taken":1112,"minecraft:walk_one_cm":212194,"minecraft:damage_blocked_by_shield":2280,"minecraft:drop":29,"minecraft:damage_dealt":3925,"minecraft:swim_one_cm":10995,"minecraft:fly_one_cm":26524,"minecraft:open_chest":10,"minecraft:crouch_one_cm":363,"minecraft:play_time":62050,"minecraft:deaths":1,"minecraft:sneak_time":358,"minecraft:walk_under_water_one_cm":714,"minecraft:jump":861,"minecraft:walk_on_water_one_cm":1349,"minecraft:total_world_time":62050,"minecraft:fall_one_cm":6280},"minecraft:killed_by":{"minecraft:skeleton":1},"minecraft:used":{"minecraft:moss_block":1,"minecraft:diorite":4,"minecraft:oak_planks":2,"minecraft:chest":1,"minecraft:shield":29,"minecraft:rotten_flesh":4,"minecraft:iron_chestplate":1,"minecraft:torch":138,"minecraft:dirt":23,"minecraft:crafting_table":3,"minecraft:white_bed":1,"minecraft:bread":17,"minecraft:iron_axe":89,"minecraft:birch_sapling":1,"minecraft:iron_pickaxe":504,"minecraft:iron_boots":1,"minecraft:golden_helmet":1,"minecraft:cobblestone":8,"minecraft:beef":1,"minecraft:iron_leggings":1},"minecraft:crafted":{"minecraft:oak_planks":20,"minecraft:crafting_table":2,"minecraft:birch_planks":4,"minecraft:shield":1,"minecraft:iron_axe":1,"minecraft:stick":4,"minecraft:iron_pickaxe":2,"minecraft:chest":1}},"DataVersion":3465}