{"stats":{"minecraft:picked_up":{"minecraft:birch_log":11,"minecraft:crafting_table":1,"minecraft:iron_chestplate":2,"minecraft:golden_carrot":24,"minecraft:chest_minecart":3,"minecraft:birch_planks":2,"minecraft:enchanted_book":2,"minecraft:oak_log":10,"minecraft:golden_boots":2,"minecraft:gunpowder":2,"minecraft:string":4,"minecraft:dirt":23,"minecraft:iron_axe":1,"minecraft:name_tag":2,"minecraft:iron_leggings":2,"minecraft:bone":1,"minecraft:oak_sign":1,"minecraft:cobbled_deepslate":387,"minecraft:raw_gold":1,"minecraft:beef":1,"minecraft:iron_ingot":8,"minecraft:iron_pickaxe":1,"minecraft:birch_sapling":1,"minecraft:oak_planks":9,"minecraft:iron_boots":2,"minecraft:golden_helmet":2,"minecraft:stick":8,"minecraft:raw_iron":2,"minecraft:oak_fence":6,"minecraft:torch":205,"minecraft:redstone":6,"minecraft:pumpkin_seeds":2,"minecraft:arrow":1,"minecraft:rotten_flesh":9,"minecraft:granite":3,"minecraft:bread":79,"minecraft:oak_sapling":6,"minecraft:melon_seeds":4,"minecraft:glow_berries":10,"minecraft:coal":14,"minecraft:rail":42,"minecraft:cobblestone":58},"minecraft:broken":{"minecraft:iron_pickaxe":1},"minecraft:mined":{"minecraft:crafting_table":1,"minecraft:torch":3,"minecraft:cobblestone":7,"minecraft:deepslate_gold_ore":1,"minecraft:oak_planks":9,"minecraft:wall_torch":7,"minecraft:birch_log":6,"minecraft:oak_log":5,"minecraft:deepslate_iron_ore":3,"minecraft:stone":24,"minecraft:oak_leaves":1,"minecraft:deepslate":222},"minecraft:dropped":{"minecraft:enchanted_book":1,"minecraft:golden_boots":1,"minecraft:cobbled_deepslate":5,"minecraft:oak_fence":4,"minecraft:rotten_flesh":5,"minecraft:chest_minecart":2,"minecraft:name_tag":2,"minecraft:pumpkin_seeds":2,"minecraft:rail":24,"minecraft:stick":2,"minecraft:gunpowder":1,"minecraft:melon_seeds":4,"minecraft:oak_sapling":3,"minecraft:string":2,"minecraft:birch_log":5,"minecraft:bone":1,"minecraft:redstone":6},"minecraft:custom":{"minecraft:mob_kills":8,"minecraft:interact_with_crafting_table":8,"minecraft:leave_game":1,"minecraft:time_since_death":11752,"minecraft:climb_one_cm":276,"minecraft:time_since_rest":11774,"minecraft:sprint_one_cm":119273,"minecraft:damage_taken":561,"minecraft:walk_one_cm":125893,"minecraft:drop":29,"minecraft:damage_dealt":1750,"minecraft:fly_one_cm":18875,"minecraft:open_chest":7,"minecraft:crouch_one_cm":8,"minecraft:play_time":34847,"minecraft:deaths":1,"minecraft:sneak_time":122,"minecraft:jump":643,"minecraft:total_world_time":34847,"minecraft:fall_one_cm":2195},"minecraft:crafted":{"minecraft:crafting_table":1,"minecraft:birch_planks":4,"minecraft:shield":1,"minecraft:iron_axe":1,"minecraft:stick":4,"minecraft:iron_pickaxe":2},"minecraft:used":{"minecraft:rotten_flesh":2,"minecraft:iron_chestplate":1,"minecraft:torch":76,"minecraft:dirt":23,"minecraft:crafting_table":2,"minecraft:iron_axe":50,"minecraft:bread":6,"minecraft:birch_sapling":1,"minecraft:iron_pickaxe":257,"minecraft:iron_boots":1,"minecraft:golden_helmet":1,"minecraft:cobblestone":8,"minecraft:beef":1,"minecraft:iron_leggings":1},"minecraft:killed":{"minecraft:spider":1,"minecraft:zombie":6,"minecraft:cow":1},"minecraft:killed_by":{"minecraft:skeleton":1}},"DataVersion":3465}