{"stats":{"minecraft:killed":{"minecraft:pig":2,"minecraft:sheep":4,"minecraft:zombie":10,"minecraft:cow":1},"minecraft:dropped":{"minecraft:wheat_seeds":16,"minecraft:rotten_flesh":16,"minecraft:dark_oak_log":156,"minecraft:wooden_pickaxe":1},"minecraft:mined":{"minecraft:oak_sapling":1,"minecraft:dark_oak_leaves":38,"minecraft:stripped_dark_oak_log":1,"minecraft:dark_oak_log":280,"minecraft:crafting_table":3,"minecraft:grass_block":3,"minecraft:carrots":8,"minecraft:wheat":12,"minecraft:grass":3,"minecraft:coal_ore":1,"minecraft:oak_log":12,"minecraft:dirt":2,"minecraft:stone":31,"minecraft:oak_leaves":7},"minecraft:picked_up":{"minecraft:crafting_table":4,"minecraft:wheat":13,"minecraft:feather":2,"minecraft:chicken":1,"minecraft:leather":2,"minecraft:oak_log":13,"minecraft:dirt":18,"minecraft:apple":3,"minecraft:wheat_seeds":44,"minecraft:beef":4,"minecraft:stone_pickaxe":1,"minecraft:oak_planks":29,"minecraft:dark_oak_sapling":24,"minecraft:stick":25,"minecraft:porkchop":4,"minecraft:white_bed":2,"minecraft:carrot":44,"minecraft:dark_oak_log":365,"minecraft:rotten_flesh":22,"minecraft:stone_axe":1,"minecraft:diamond_axe":2,"minecraft:bread":3,"minecraft:oak_sapling":5,"minecraft:stripped_dark_oak_log":1,"minecraft:mutton":12,"minecraft:coal":2,"minecraft:white_wool":8,"minecraft:cobblestone":51},"minecraft:broken":{"minecraft:stone_axe":1,"minecraft:wooden_axe":1},"minecraft:custom":{"minecraft:mob_kills":19,"minecraft:interact_with_crafting_table":7,"minecraft:leave_game":2,"minecraft:time_since_death":5365,"minecraft:sleep_in_bed":2,"minecraft:time_since_rest":3920,"minecraft:sprint_one_cm":59311,"minecraft:damage_taken":885,"minecraft:walk_one_cm":135366,"minecraft:drop":9,"minecraft:damage_dealt":2863,"minecraft:swim_one_cm":29218,"minecraft:fly_one_cm":81252,"minecraft:open_chest":7,"minecraft:crouch_one_cm":9516,"minecraft:play_time":56302,"minecraft:deaths":1,"minecraft:sneak_time":3468,"minecraft:walk_under_water_one_cm":5346,"minecraft:jump":558,"minecraft:walk_on_water_one_cm":2788,"minecraft:total_world_time":56302,"minecraft:fall_one_cm":8223},"minecraft:killed_by":{"minecraft:creeper":1},"minecraft:used":{"minecraft:wheat_seeds":12,"minecraft:stone_pickaxe":36,"minecraft:oak_planks":1,"minecraft:wooden_pickaxe":3,"minecraft:diamond_axe":94,"minecraft:dirt":3,"minecraft:crafting_table":3,"minecraft:carrot":31,"minecraft:white_bed":1,"minecraft:wooden_axe":54,"minecraft:dark_oak_log":4,"minecraft:bread":3,"minecraft:stone_axe":186,"minecraft:cobblestone":2,"minecraft:oak_sapling":5,"minecraft:dark_oak_sapling":20},"minecraft:crafted":{"minecraft:oak_planks":48,"minecraft:crafting_table":1,"minecraft:wooden_pickaxe":1,"minecraft:stone_axe":2,"minecraft:bread":3,"minecraft:stick":16,"minecraft:stone_pickaxe":1,"minecraft:wooden_axe":1}},"DataVersion":3465}