{"stats":{"minecraft:picked_up":{"minecraft:dark_oak_sapling":7,"minecraft:crafting_table":2,"minecraft:leather":1,"minecraft:porkchop":1,"minecraft:oak_log":12,"minecraft:carrot":24,"minecraft:dark_oak_log":79,"minecraft:beef":2,"minecraft:oak_sapling":5,"minecraft:mutton":6,"minecraft:coal":1,"minecraft:white_wool":4,"minecraft:cobblestone":31},"minecraft:broken":{"minecraft:wooden_axe":1},"minecraft:dropped":{"minecraft:wooden_pickaxe":1},"minecraft:mined":{"minecraft:oak_sapling":1,"minecraft:carrots":6,"minecraft:dark_oak_leaves":15,"minecraft:dark_oak_log":79,"minecraft:crafting_table":2,"minecraft:grass":3,"minecraft:coal_ore":1,"minecraft:oak_log":12,"minecraft:stone":31,"minecraft:oak_leaves":6},"minecraft:custom":{"minecraft:time_since_rest":28909,"minecraft:sprint_one_cm":34380,"minecraft:damage_taken":110,"minecraft:walk_one_cm":51540,"minecraft:mob_kills":7,"minecraft:drop":1,"minecraft:damage_dealt":605,"minecraft:swim_one_cm":29218,"minecraft:interact_with_crafting_table":4,"minecraft:fly_one_cm":54390,"minecraft:open_chest":3,"minecraft:crouch_one_cm":3953,"minecraft:play_time":28909,"minecraft:sneak_time":1311,"minecraft:walk_under_water_one_cm":5346,"minecraft:jump":304,"minecraft:walk_on_water_one_cm":2788,"minecraft:time_since_death":28909,"minecraft:total_world_time":28909,"minecraft:fall_one_cm":5887},"minecraft:crafted":{"minecraft:oak_planks":48,"minecraft:crafting_table":1,"minecraft:stick":16,"minecraft:wooden_pickaxe":1,"minecraft:stone_pickaxe":1,"minecraft:wooden_axe":1,"minecraft:stone_axe":1},"minecraft:used":{"minecraft:wooden_axe":54,"minecraft:dark_oak_log":3,"minecraft:stone_pickaxe":36,"minecraft:oak_planks":1,"minecraft:wooden_pickaxe":3,"minecraft:stone_axe":46,"minecraft:crafting_table":2,"minecraft:oak_sapling":5,"minecraft:carrot":13},"minecraft:killed":{"minecraft:sheep":4,"minecraft:pig":1,"minecraft:cow":1}},"DataVersion":3465}