{"stats":{"minecraft:killed":{"minecraft:pig":2,"minecraft:spider":1,"minecraft:sheep":4,"minecraft:zombie":13,"minecraft:cow":4},"minecraft:dropped":{"minecraft:wheat_seeds":33,"minecraft:diamond_axe":1,"minecraft:rotten_flesh":22,"minecraft:dark_oak_log":156,"minecraft:wooden_pickaxe":1,"minecraft:string":2},"minecraft:mined":{"minecraft:oak_sapling":1,"minecraft:dark_oak_leaves":71,"minecraft:stripped_dark_oak_log":2,"minecraft:dark_oak_log":743,"minecraft:crafting_table":3,"minecraft:grass_block":6,"minecraft:carrots":8,"minecraft:wheat":12,"minecraft:grass":5,"minecraft:oak_log":12,"minecraft:coal_ore":1,"minecraft:dirt":4,"minecraft:stone":31,"minecraft:oak_leaves":7},"minecraft:picked_up":{"minecraft:crafting_table":6,"minecraft:wheat":17,"minecraft:feather":6,"minecraft:chicken":3,"minecraft:leather":16,"minecraft:oak_log":15,"minecraft:dirt":102,"minecraft:string":4,"minecraft:iron_axe":2,"minecraft:apple":12,"minecraft:wheat_seeds":62,"minecraft:beef":22,"minecraft:stone_pickaxe":3,"minecraft:oak_planks":87,"minecraft:dark_oak_sapling":51,"minecraft:stick":87,"minecraft:porkchop":10,"minecraft:white_bed":3,"minecraft:carrot":57,"minecraft:dark_oak_log":1552,"minecraft:dark_oak_planks":16,"minecraft:rotten_flesh":30,"minecraft:stone_axe":3,"minecraft:diamond_axe":3,"minecraft:bread":3,"minecraft:oak_sapling":5,"minecraft:mutton":24,"minecraft:stripped_dark_oak_log":2,"minecraft:coal":4,"minecraft:white_wool":16,"minecraft:cobblestone":91},"minecraft:broken":{"minecraft:iron_axe":1,"minecraft:stone_axe":1,"minecraft:wooden_axe":1},"minecraft:custom":{"minecraft:mob_kills":26,"minecraft:interact_with_crafting_table":7,"minecraft:leave_game":2,"minecraft:time_since_death":6918,"minecraft:sleep_in_bed":6,"minecraft:time_since_rest":6396,"minecraft:sprint_one_cm":84963,"minecraft:damage_taken":1505,"minecraft:walk_one_cm":204761,"minecraft:drop":14,"minecraft:damage_dealt":3967,"minecraft:swim_one_cm":29218,"minecraft:fly_one_cm":92130,"minecraft:open_chest":7,"minecraft:crouch_one_cm":18910,"minecraft:play_time":80653,"minecraft:deaths":3,"minecraft:sneak_time":7616,"minecraft:walk_under_water_one_cm":5346,"minecraft:jump":750,"minecraft:walk_on_water_one_cm":2788,"minecraft:total_world_time":80653,"minecraft:fall_one_cm":10081},"minecraft:killed_by":{"minecraft:skeleton":2,"minecraft:creeper":1},"minecraft:used":{"minecraft:wheat_seeds":12,"minecraft:stone_pickaxe":36,"minecraft:oak_planks":1,"minecraft:wooden_pickaxe":3,"minecraft:diamond_axe":357,"minecraft:dirt":66,"minecraft:crafting_table":3,"minecraft:carrot":39,"minecraft:white_bed":2,"minecraft:wooden_axe":54,"minecraft:dark_oak_log":8,"minecraft:iron_axe":207,"minecraft:bread":3,"minecraft:stone_axe":206,"minecraft:cobblestone":2,"minecraft:oak_sapling":5,"minecraft:dark_oak_sapling":44},"minecraft:crafted":{"minecraft:oak_planks":48,"minecraft:crafting_table":1,"minecraft:wooden_pickaxe":1,"minecraft:stone_axe":2,"minecraft:bread":3,"minecraft:stick":16,"minecraft:stone_pickaxe":1,"minecraft:wooden_axe":1,"minecraft:dark_oak_planks":8}},"DataVersion":3465}