{"stats":{"minecraft:picked_up":{"minecraft:crafting_table":8,"minecraft:wheat":17,"minecraft:feather":10,"minecraft:chicken":3,"minecraft:leather":16,"minecraft:oak_log":37,"minecraft:dirt":105,"minecraft:string":4,"minecraft:iron_axe":2,"minecraft:bone":1,"minecraft:apple":29,"minecraft:wheat_seeds":64,"minecraft:iron_ingot":12,"minecraft:beef":25,"minecraft:stone_pickaxe":3,"minecraft:light_gray_wool":1,"minecraft:chest":1,"minecraft:oak_planks":87,"minecraft:dark_oak_sapling":136,"minecraft:stick":124,"minecraft:porkchop":12,"minecraft:white_bed":4,"minecraft:carrot":57,"minecraft:dark_oak_log":2476,"minecraft:dark_oak_planks":16,"minecraft:arrow":3,"minecraft:rotten_flesh":30,"minecraft:stone_axe":3,"minecraft:diamond_axe":4,"minecraft:bread":3,"minecraft:oak_sapling":13,"minecraft:stripped_dark_oak_log":2,"minecraft:mutton":25,"minecraft:coal":4,"minecraft:white_wool":16,"minecraft:cobblestone":91},"minecraft:crafted":{"minecraft:cooked_beef":12,"minecraft:oak_planks":52,"minecraft:cooked_porkchop":3,"minecraft:crafting_table":1,"minecraft:wooden_pickaxe":1,"minecraft:cooked_chicken":1,"minecraft:furnace":1,"minecraft:stone_axe":2,"minecraft:bread":3,"minecraft:cooked_mutton":7,"minecraft:air":0,"minecraft:oak_trapdoor":2,"minecraft:charcoal":29,"minecraft:iron_axe":2,"minecraft:ladder":3,"minecraft:stick":16,"minecraft:stone_pickaxe":1,"minecraft:wooden_axe":1,"minecraft:chest":1,"minecraft:torch":4,"minecraft:dark_oak_planks":8},"minecraft:broken":{"minecraft:iron_axe":2,"minecraft:stone_axe":2,"minecraft:wooden_axe":1},"minecraft:used":{"minecraft:oak_trapdoor":1,"minecraft:wheat_seeds":12,"minecraft:cooked_mutton":3,"minecraft:stone_pickaxe":36,"minecraft:oak_planks":8,"minecraft:ladder":3,"minecraft:chest":2,"minecraft:wooden_pickaxe":3,"minecraft:diamond_axe":861,"minecraft:cooked_chicken":1,"minecraft:torch":1,"minecraft:dirt":68,"minecraft:crafting_table":6,"minecraft:carrot":48,"minecraft:white_bed":3,"minecraft:wooden_axe":54,"minecraft:dark_oak_log":10,"minecraft:iron_axe":651,"minecraft:bread":3,"minecraft:stone_axe":244,"minecraft:cobblestone":2,"minecraft:furnace":1,"minecraft:oak_sapling":13,"minecraft:dark_oak_sapling":115},"minecraft:killed_by":{"minecraft:skeleton":2,"minecraft:creeper":1},"minecraft:custom":{"minecraft:interact_with_furnace":18,"minecraft:mob_kills":32,"minecraft:interact_with_crafting_table":15,"minecraft:leave_game":3,"minecraft:time_since_death":61594,"minecraft:sleep_in_bed":11,"minecraft:climb_one_cm":13236,"minecraft:time_since_rest":5098,"minecraft:sprint_one_cm":158689,"minecraft:damage_taken":1795,"minecraft:walk_one_cm":336011,"minecraft:drop":28,"minecraft:damage_dealt":4667,"minecraft:swim_one_cm":29218,"minecraft:fly_one_cm":133362,"minecraft:open_chest":31,"minecraft:crouch_one_cm":32425,"minecraft:play_time":135329,"minecraft:deaths":3,"minecraft:sneak_time":14891,"minecraft:walk_under_water_one_cm":5346,"minecraft:jump":1249,"minecraft:walk_on_water_one_cm":2788,"minecraft:total_world_time":135329,"minecraft:fall_one_cm":14157},"minecraft:dropped":{"minecraft:wheat_seeds":36,"minecraft:diamond_axe":1,"minecraft:wheat":2,"minecraft:feather":6,"minecraft:rotten_flesh":22,"minecraft:light_gray_wool":1,"minecraft:apple":14,"minecraft:dirt":1,"minecraft:dark_oak_log":156,"minecraft:arrow":3,"minecraft:wooden_pickaxe":1,"minecraft:string":2,"minecraft:bone":1},"minecraft:killed":{"minecraft:pig":3,"minecraft:spider":1,"minecraft:creeper":1,"minecraft:sheep":5,"minecraft:skeleton":2,"minecraft:zombie":13,"minecraft:cow":5},"minecraft:mined":{"minecraft:white_bed":1,"minecraft:oak_sapling":2,"minecraft:dark_oak_leaves":92,"minecraft:stripped_dark_oak_log":2,"minecraft:dark_oak_log":1671,"minecraft:crafting_table":5,"minecraft:grass_block":7,"minecraft:chest":1,"minecraft:carrots":8,"minecraft:wheat":12,"minecraft:grass":5,"minecraft:oak_log":34,"minecraft:coal_ore":1,"minecraft:dark_oak_sapling":3,"minecraft:dirt":5,"minecraft:stone":31,"minecraft:oak_leaves":37}},"DataVersion":3465}