{"stats":{"minecraft:picked_up":{"minecraft:dark_oak_sapling":12,"minecraft:stick":6,"minecraft:crafting_table":3,"minecraft:wheat":11,"minecraft:leather":1,"minecraft:porkchop":1,"minecraft:oak_log":12,"minecraft:carrot":32,"minecraft:dark_oak_log":160,"minecraft:dirt":2,"minecraft:rotten_flesh":16,"minecraft:apple":1,"minecraft:wheat_seeds":28,"minecraft:beef":2,"minecraft:oak_sapling":5,"minecraft:mutton":6,"minecraft:coal":1,"minecraft:white_wool":4,"minecraft:cobblestone":31},"minecraft:broken":{"minecraft:wooden_axe":1,"minecraft:stone_axe":1},"minecraft:dropped":{"minecraft:dark_oak_log":156,"minecraft:rotten_flesh":16,"minecraft:wooden_pickaxe":1},"minecraft:mined":{"minecraft:oak_sapling":1,"minecraft:carrots":8,"minecraft:dark_oak_leaves":31,"minecraft:wheat":12,"minecraft:dark_oak_log":160,"minecraft:crafting_table":3,"minecraft:grass":3,"minecraft:grass_block":2,"minecraft:oak_log":12,"minecraft:coal_ore":1,"minecraft:stone":31,"minecraft:oak_leaves":6},"minecraft:custom":{"minecraft:time_since_rest":11096,"minecraft:sprint_one_cm":48165,"minecraft:damage_taken":290,"minecraft:walk_one_cm":90817,"minecraft:mob_kills":12,"minecraft:drop":8,"minecraft:damage_dealt":1749,"minecraft:swim_one_cm":29218,"minecraft:interact_with_crafting_table":7,"minecraft:fly_one_cm":75054,"minecraft:open_chest":7,"minecraft:crouch_one_cm":6898,"minecraft:play_time":46191,"minecraft:sneak_time":2233,"minecraft:walk_under_water_one_cm":5346,"minecraft:jump":471,"minecraft:leave_game":1,"minecraft:time_since_death":46191,"minecraft:walk_on_water_one_cm":2788,"minecraft:sleep_in_bed":1,"minecraft:total_world_time":46191,"minecraft:fall_one_cm":7201},"minecraft:crafted":{"minecraft:oak_planks":48,"minecraft:crafting_table":1,"minecraft:stick":16,"minecraft:wooden_pickaxe":1,"minecraft:stone_pickaxe":1,"minecraft:wooden_axe":1,"minecraft:stone_axe":2,"minecraft:bread":3},"minecraft:used":{"minecraft:wheat_seeds":12,"minecraft:wooden_axe":54,"minecraft:dark_oak_log":4,"minecraft:stone_pickaxe":36,"minecraft:oak_planks":1,"minecraft:wooden_pickaxe":3,"minecraft:stone_axe":143,"minecraft:dirt":2,"minecraft:crafting_table":3,"minecraft:oak_sapling":5,"minecraft:carrot":21,"minecraft:dark_oak_sapling":12},"minecraft:killed":{"minecraft:sheep":4,"minecraft:zombie":5,"minecraft:pig":1,"minecraft:cow":1}},"DataVersion":3465}