{"stats":{"minecraft:picked_up":{"minecraft:crafting_table":8,"minecraft:wheat":17,"minecraft:feather":10,"minecraft:chicken":3,"minecraft:leather":16,"minecraft:oak_log":15,"minecraft:dirt":102,"minecraft:string":4,"minecraft:iron_axe":2,"minecraft:apple":16,"minecraft:wheat_seeds":64,"minecraft:iron_ingot":12,"minecraft:beef":22,"minecraft:stone_pickaxe":3,"minecraft:oak_planks":87,"minecraft:dark_oak_sapling":67,"minecraft:stick":98,"minecraft:porkchop":10,"minecraft:white_bed":4,"minecraft:carrot":57,"minecraft:dark_oak_log":1759,"minecraft:dark_oak_planks":16,"minecraft:arrow":2,"minecraft:rotten_flesh":30,"minecraft:stone_axe":3,"minecraft:diamond_axe":3,"minecraft:bread":3,"minecraft:oak_sapling":5,"minecraft:mutton":24,"minecraft:stripped_dark_oak_log":2,"minecraft:coal":4,"minecraft:white_wool":16,"minecraft:cobblestone":91},"minecraft:broken":{"minecraft:iron_axe":1,"minecraft:stone_axe":2,"minecraft:wooden_axe":1},"minecraft:dropped":{"minecraft:wheat_seeds":36,"minecraft:diamond_axe":1,"minecraft:wheat":2,"minecraft:feather":6,"minecraft:rotten_flesh":22,"minecraft:dark_oak_log":156,"minecraft:arrow":2,"minecraft:wooden_pickaxe":1,"minecraft:string":2},"minecraft:mined":{"minecraft:white_bed":1,"minecraft:oak_sapling":1,"minecraft:dark_oak_leaves":77,"minecraft:stripped_dark_oak_log":2,"minecraft:dark_oak_log":949,"minecraft:crafting_table":5,"minecraft:grass_block":6,"minecraft:carrots":8,"minecraft:wheat":12,"minecraft:grass":5,"minecraft:oak_log":12,"minecraft:coal_ore":1,"minecraft:dirt":4,"minecraft:stone":31,"minecraft:oak_leaves":7},"minecraft:custom":{"minecraft:mob_kills":27,"minecraft:interact_with_crafting_table":13,"minecraft:leave_game":3,"minecraft:time_since_death":19709,"minecraft:sleep_in_bed":8,"minecraft:climb_one_cm":3581,"minecraft:time_since_rest":4612,"minecraft:sprint_one_cm":91334,"minecraft:damage_taken":1625,"minecraft:walk_one_cm":241242,"minecraft:drop":23,"minecraft:damage_dealt":4167,"minecraft:swim_one_cm":29218,"minecraft:fly_one_cm":95836,"minecraft:open_chest":11,"minecraft:crouch_one_cm":23152,"minecraft:play_time":93444,"minecraft:deaths":3,"minecraft:sneak_time":10448,"minecraft:walk_under_water_one_cm":5346,"minecraft:jump":849,"minecraft:walk_on_water_one_cm":2788,"minecraft:total_world_time":93444,"minecraft:fall_one_cm":10290},"minecraft:crafted":{"minecraft:oak_planks":52,"minecraft:crafting_table":1,"minecraft:wooden_pickaxe":1,"minecraft:stone_axe":2,"minecraft:bread":3,"minecraft:oak_trapdoor":2,"minecraft:iron_axe":1,"minecraft:ladder":3,"minecraft:stick":16,"minecraft:stone_pickaxe":1,"minecraft:wooden_axe":1,"minecraft:chest":1,"minecraft:dark_oak_planks":8,"minecraft:torch":4},"minecraft:used":{"minecraft:oak_trapdoor":1,"minecraft:wheat_seeds":12,"minecraft:stone_pickaxe":36,"minecraft:oak_planks":8,"minecraft:ladder":3,"minecraft:wooden_pickaxe":3,"minecraft:diamond_axe":357,"minecraft:torch":1,"minecraft:dirt":66,"minecraft:crafting_table":6,"minecraft:carrot":45,"minecraft:white_bed":3,"minecraft:wooden_axe":54,"minecraft:dark_oak_log":10,"minecraft:iron_axe":386,"minecraft:bread":3,"minecraft:stone_axe":244,"minecraft:cobblestone":2,"minecraft:oak_sapling":5,"minecraft:dark_oak_sapling":60},"minecraft:killed":{"minecraft:pig":2,"minecraft:spider":1,"minecraft:sheep":4,"minecraft:skeleton":1,"minecraft:zombie":13,"minecraft:cow":4},"minecraft:killed_by":{"minecraft:skeleton":2,"minecraft:creeper":1}},"DataVersion":3465}