{"stats":{"minecraft:killed":{"minecraft:pig":2,"minecraft:spider":1,"minecraft:sheep":4,"minecraft:zombie":10,"minecraft:cow":4},"minecraft:dropped":{"minecraft:wheat_seeds":32,"minecraft:diamond_axe":1,"minecraft:rotten_flesh":22,"minecraft:dark_oak_log":156,"minecraft:wooden_pickaxe":1,"minecraft:string":2},"minecraft:mined":{"minecraft:oak_sapling":1,"minecraft:dark_oak_leaves":52,"minecraft:stripped_dark_oak_log":2,"minecraft:dark_oak_log":589,"minecraft:crafting_table":3,"minecraft:grass_block":3,"minecraft:carrots":8,"minecraft:wheat":12,"minecraft:grass":5,"minecraft:oak_log":12,"minecraft:coal_ore":1,"minecraft:dirt":3,"minecraft:stone":31,"minecraft:oak_leaves":7},"minecraft:picked_up":{"minecraft:crafting_table":5,"minecraft:wheat":15,"minecraft:feather":4,"minecraft:chicken":2,"minecraft:leather":9,"minecraft:oak_log":14,"minecraft:dirt":32,"minecraft:string":4,"minecraft:iron_axe":1,"minecraft:apple":5,"minecraft:wheat_seeds":60,"minecraft:beef":13,"minecraft:stone_pickaxe":2,"minecraft:oak_planks":58,"minecraft:dark_oak_sapling":27,"minecraft:stick":52,"minecraft:porkchop":7,"minecraft:white_bed":2,"minecraft:carrot":51,"minecraft:dark_oak_log":917,"minecraft:dark_oak_planks":8,"minecraft:rotten_flesh":28,"minecraft:stone_axe":2,"minecraft:diamond_axe":3,"minecraft:bread":3,"minecraft:oak_sapling":5,"minecraft:mutton":18,"minecraft:stripped_dark_oak_log":2,"minecraft:coal":3,"minecraft:white_wool":12,"minecraft:cobblestone":71},"minecraft:broken":{"minecraft:stone_axe":1,"minecraft:wooden_axe":1},"minecraft:custom":{"minecraft:mob_kills":23,"minecraft:interact_with_crafting_table":7,"minecraft:leave_game":2,"minecraft:time_since_death":5794,"minecraft:sleep_in_bed":3,"minecraft:time_since_rest":5822,"minecraft:sprint_one_cm":67961,"minecraft:damage_taken":1205,"minecraft:walk_one_cm":161168,"minecraft:drop":13,"minecraft:damage_dealt":3436,"minecraft:swim_one_cm":29218,"minecraft:fly_one_cm":84533,"minecraft:open_chest":7,"minecraft:crouch_one_cm":17589,"minecraft:play_time":68653,"minecraft:deaths":2,"minecraft:sneak_time":6973,"minecraft:walk_under_water_one_cm":5346,"minecraft:jump":647,"minecraft:walk_on_water_one_cm":2788,"minecraft:total_world_time":68653,"minecraft:fall_one_cm":9185},"minecraft:killed_by":{"minecraft:skeleton":1,"minecraft:creeper":1},"minecraft:used":{"minecraft:wheat_seeds":12,"minecraft:stone_pickaxe":36,"minecraft:oak_planks":1,"minecraft:wooden_pickaxe":3,"minecraft:diamond_axe":357,"minecraft:dirt":6,"minecraft:crafting_table":3,"minecraft:carrot":38,"minecraft:white_bed":1,"minecraft:wooden_axe":54,"minecraft:dark_oak_log":4,"minecraft:iron_axe":64,"minecraft:bread":3,"minecraft:stone_axe":189,"minecraft:cobblestone":2,"minecraft:oak_sapling":5,"minecraft:dark_oak_sapling":20},"minecraft:crafted":{"minecraft:oak_planks":48,"minecraft:crafting_table":1,"minecraft:wooden_pickaxe":1,"minecraft:stone_axe":2,"minecraft:bread":3,"minecraft:stick":16,"minecraft:stone_pickaxe":1,"minecraft:wooden_axe":1,"minecraft:dark_oak_planks":8}},"DataVersion":3465}