{"stats":{"minecraft:picked_up":{"minecraft:crafting_table":1,"minecraft:leather":1,"minecraft:beef":2,"minecraft:porkchop":1,"minecraft:oak_log":12,"minecraft:carrot":24,"minecraft:oak_sapling":5,"minecraft:mutton":6,"minecraft:white_wool":4},"minecraft:mined":{"minecraft:grass":3,"minecraft:oak_log":12,"minecraft:oak_sapling":1,"minecraft:carrots":6,"minecraft:oak_leaves":6,"minecraft:crafting_table":1},"minecraft:custom":{"minecraft:open_chest":3,"minecraft:time_since_rest":16909,"minecraft:crouch_one_cm":1509,"minecraft:play_time":16909,"minecraft:sprint_one_cm":22087,"minecraft:damage_taken":90,"minecraft:walk_one_cm":35414,"minecraft:sneak_time":292,"minecraft:walk_under_water_one_cm":5039,"minecraft:mob_kills":7,"minecraft:jump":177,"minecraft:damage_dealt":605,"minecraft:time_since_death":16909,"minecraft:walk_on_water_one_cm":1932,"minecraft:total_world_time":16909,"minecraft:swim_one_cm":20276,"minecraft:interact_with_crafting_table":1,"minecraft:fall_one_cm":4029,"minecraft:fly_one_cm":36689},"minecraft:crafted":{"minecraft:oak_planks":48,"minecraft:crafting_table":1,"minecraft:stick":4,"minecraft:wooden_axe":1},"minecraft:used":{"minecraft:wooden_axe":13,"minecraft:crafting_table":1,"minecraft:oak_sapling":5,"minecraft:carrot":9},"minecraft:killed":{"minecraft:sheep":4,"minecraft:pig":1,"minecraft:cow":1}},"DataVersion":3465}