{"stats":{"minecraft:mined":{"minecraft:white_bed":1,"minecraft:oak_sapling":2,"minecraft:dark_oak_leaves":202,"minecraft:stripped_dark_oak_log":2,"minecraft:dark_oak_log":2686,"minecraft:crafting_table":5,"minecraft:grass_block":7,"minecraft:chest":1,"minecraft:oak_planks":1,"minecraft:carrots":8,"minecraft:wheat":12,"minecraft:grass":7,"minecraft:oak_log":44,"minecraft:coal_ore":1,"minecraft:dark_oak_sapling":13,"minecraft:dirt":9,"minecraft:red_mushroom_block":2,"minecraft:stone":31,"minecraft:oak_leaves":39},"minecraft:broken":{"minecraft:iron_axe":2,"minecraft:stone_axe":2,"minecraft:wooden_axe":1},"minecraft:custom":{"minecraft:interact_with_furnace":20,"minecraft:mob_kills":45,"minecraft:interact_with_crafting_table":16,"minecraft:leave_game":5,"minecraft:time_since_death":104057,"minecraft:sleep_in_bed":14,"minecraft:climb_one_cm":19211,"minecraft:time_since_rest":14394,"minecraft:sprint_one_cm":252643,"minecraft:damage_taken":2635,"minecraft:walk_one_cm":415497,"minecraft:drop":42,"minecraft:damage_dealt":7138,"minecraft:swim_one_cm":29218,"minecraft:fly_one_cm":186050,"minecraft:open_chest":52,"minecraft:crouch_one_cm":53535,"minecraft:play_time":177792,"minecraft:deaths":3,"minecraft:sneak_time":22404,"minecraft:walk_under_water_one_cm":5346,"minecraft:jump":1688,"minecraft:walk_on_water_one_cm":2788,"minecraft:total_world_time":177792,"minecraft:fall_one_cm":17118},"minecraft:crafted":{"minecraft:cooked_beef":12,"minecraft:oak_planks":92,"minecraft:cooked_porkchop":3,"minecraft:crafting_table":1,"minecraft:cooked_chicken":1,"minecraft:wooden_pickaxe":1,"minecraft:furnace":1,"minecraft:stone_axe":2,"minecraft:bread":3,"minecraft:cooked_mutton":7,"minecraft:air":0,"minecraft:oak_trapdoor":2,"minecraft:charcoal":29,"minecraft:iron_axe":2,"minecraft:ladder":3,"minecraft:stick":16,"minecraft:stone_pickaxe":1,"minecraft:wooden_axe":1,"minecraft:chest":1,"minecraft:torch":4,"minecraft:dark_oak_planks":8},"minecraft:killed":{"minecraft:pig":3,"minecraft:spider":1,"minecraft:creeper":2,"minecraft:sheep":5,"minecraft:skeleton":5,"minecraft:zombie":21,"minecraft:cow":5},"minecraft:picked_up":{"minecraft:crafting_table":8,"minecraft:wheat":17,"minecraft:feather":10,"minecraft:chicken":3,"minecraft:leather":16,"minecraft:oak_log":47,"minecraft:gunpowder":2,"minecraft:dirt":209,"minecraft:string":4,"minecraft:iron_axe":2,"minecraft:bone":5,"minecraft:apple":35,"minecraft:wheat_seeds":67,"minecraft:iron_ingot":12,"minecraft:beef":25,"minecraft:stone_pickaxe":3,"minecraft:light_gray_wool":1,"minecraft:chest":1,"minecraft:oak_planks":88,"minecraft:egg":1,"minecraft:dark_oak_sapling":209,"minecraft:stick":176,"minecraft:porkchop":12,"minecraft:white_bed":4,"minecraft:carrot":57,"minecraft:dark_oak_log":3476,"minecraft:dark_oak_planks":16,"minecraft:arrow":7,"minecraft:rotten_flesh":37,"minecraft:stone_axe":3,"minecraft:diamond_axe":4,"minecraft:bread":3,"minecraft:oak_sapling":15,"minecraft:stripped_dark_oak_log":2,"minecraft:mutton":25,"minecraft:coal":4,"minecraft:white_wool":16,"minecraft:cobblestone":91},"minecraft:used":{"minecraft:oak_trapdoor":1,"minecraft:wheat_seeds":12,"minecraft:cooked_mutton":7,"minecraft:stone_pickaxe":36,"minecraft:ladder":3,"minecraft:oak_planks":10,"minecraft:chest":2,"minecraft:wooden_pickaxe":3,"minecraft:diamond_axe":1945,"minecraft:cooked_chicken":1,"minecraft:torch":1,"minecraft:dirt":148,"minecraft:crafting_table":6,"minecraft:carrot":48,"minecraft:white_bed":3,"minecraft:wooden_axe":54,"minecraft:apple":1,"minecraft:dark_oak_log":13,"minecraft:iron_axe":651,"minecraft:bread":3,"minecraft:stone_axe":244,"minecraft:cobblestone":2,"minecraft:oak_sapling":14,"minecraft:furnace":1,"minecraft:cooked_porkchop":1,"minecraft:egg":1,"minecraft:cooked_beef":5,"minecraft:dark_oak_sapling":201},"minecraft:killed_by":{"minecraft:skeleton":2,"minecraft:creeper":1},"minecraft:dropped":{"minecraft:wheat_seeds":39,"minecraft:diamond_axe":1,"minecraft:wheat":2,"minecraft:feather":6,"minecraft:rotten_flesh":26,"minecraft:light_gray_wool":1,"minecraft:oak_planks":1,"minecraft:apple":14,"minecraft:dirt":25,"minecraft:dark_oak_log":156,"minecraft:gunpowder":2,"minecraft:arrow":5,"minecraft:wooden_pickaxe":1,"minecraft:string":2,"minecraft:bone":4}},"DataVersion":3465}