{"stats":{"minecraft:crafted":{"minecraft:oak_planks":172,"minecraft:crafting_table":1,"minecraft:wooden_pickaxe":1,"minecraft:furnace":1,"minecraft:bucket":1,"minecraft:stone_axe":1,"minecraft:bread":6,"minecraft:air":0,"minecraft:shield":1,"minecraft:stick":8,"minecraft:iron_ingot":9,"minecraft:stone_pickaxe":1,"minecraft:wooden_axe":1,"minecraft:wheat":18},"minecraft:picked_up":{"minecraft:crafting_table":4,"minecraft:tripwire_hook":2,"minecraft:leather":7,"minecraft:oak_log":43,"minecraft:brewing_stand":1,"minecraft:yellow_bed":2,"minecraft:lapis_lazuli":23,"minecraft:string":27,"minecraft:dirt":2,"minecraft:iron_ingot":4,"minecraft:beef":16,"minecraft:poppy":1,"minecraft:sugar_cane":20,"minecraft:oak_planks":6,"minecraft:raw_iron":26,"minecraft:oak_fence":1,"minecraft:torch":5,"minecraft:mossy_cobblestone":1,"minecraft:arrow":2,"minecraft:rotten_flesh":5,"minecraft:lever":1,"minecraft:hay_block":2,"minecraft:coal":8,"minecraft:cobblestone":48},"minecraft:killed":{"minecraft:iron_golem":1,"minecraft:skeleton":1,"minecraft:zombie":5,"minecraft:cow":8},"minecraft:custom":{"minecraft:interact_with_furnace":8,"minecraft:mob_kills":15,"minecraft:interact_with_crafting_table":8,"minecraft:bell_ring":2,"minecraft:leave_game":7,"minecraft:time_since_death":34665,"minecraft:sleep_in_bed":2,"minecraft:time_since_rest":14731,"minecraft:sprint_one_cm":54945,"minecraft:damage_taken":140,"minecraft:walk_one_cm":44756,"minecraft:damage_blocked_by_shield":85,"minecraft:damage_dealt":2810,"minecraft:swim_one_cm":5277,"minecraft:talked_to_villager":3,"minecraft:fly_one_cm":219941,"minecraft:open_chest":12,"minecraft:crouch_one_cm":1193,"minecraft:play_time":34665,"minecraft:sneak_time":691,"minecraft:walk_under_water_one_cm":2051,"minecraft:jump":432,"minecraft:walk_on_water_one_cm":1880,"minecraft:total_world_time":34665,"minecraft:fall_one_cm":9732},"minecraft:mined":{"minecraft:mossy_cobblestone":1,"minecraft:brewing_stand":1,"minecraft:crafting_table":4,"minecraft:oak_fence":1,"minecraft:torch":1,"minecraft:grass_block":2,"minecraft:cobblestone":43,"minecraft:lapis_ore":5,"minecraft:oak_planks":6,"minecraft:sugar_cane":8,"minecraft:hay_block":2,"minecraft:iron_ore":27,"minecraft:yellow_bed":2,"minecraft:grass":2,"minecraft:coal_ore":8,"minecraft:oak_log":44,"minecraft:stone":6},"minecraft:used":{"minecraft:oak_trapdoor":4,"minecraft:water_bucket":3,"minecraft:stone_pickaxe":68,"minecraft:oak_planks":15,"minecraft:poppy":1,"minecraft:wooden_pickaxe":23,"minecraft:shield":3,"minecraft:torch":4,"minecraft:mossy_cobblestone":1,"minecraft:dirt":2,"minecraft:crafting_table":5,"minecraft:wooden_axe":19,"minecraft:lever":2,"minecraft:grass_block":40,"minecraft:bread":6,"minecraft:string":3,"minecraft:lectern":3,"minecraft:stone_axe":64,"minecraft:tripwire_hook":2,"minecraft:furnace":1,"minecraft:bucket":2,"minecraft:yellow_bed":1}},"DataVersion":3465}