{"stats":{"minecraft:picked_up":{"minecraft:crafting_table":5,"minecraft:tripwire_hook":2,"minecraft:andesite":4,"minecraft:leather":7,"minecraft:oak_log":49,"minecraft:brewing_stand":1,"minecraft:yellow_bed":2,"minecraft:lapis_lazuli":39,"minecraft:string":27,"minecraft:dirt":23,"minecraft:beef":16,"minecraft:iron_ingot":4,"minecraft:poppy":1,"minecraft:sugar_cane":69,"minecraft:oak_planks":6,"minecraft:raw_iron":28,"minecraft:oak_fence":1,"minecraft:torch":6,"minecraft:mossy_cobblestone":1,"minecraft:arrow":2,"minecraft:rotten_flesh":6,"minecraft:lever":1,"minecraft:hay_block":2,"minecraft:granite":3,"minecraft:coal":11,"minecraft:cobblestone":136},"minecraft:broken":{"minecraft:stone_pickaxe":1,"minecraft:wooden_pickaxe":1},"minecraft:mined":{"minecraft:mossy_cobblestone":1,"minecraft:brewing_stand":1,"minecraft:oak_fence":1,"minecraft:crafting_table":5,"minecraft:torch":2,"minecraft:granite":3,"minecraft:grass_block":7,"minecraft:cobblestone":43,"minecraft:lapis_ore":8,"minecraft:sugar_cane":36,"minecraft:oak_planks":6,"minecraft:hay_block":2,"minecraft:iron_ore":29,"minecraft:andesite":4,"minecraft:yellow_bed":2,"minecraft:grass":5,"minecraft:oak_log":50,"minecraft:coal_ore":11,"minecraft:dirt":16,"minecraft:stone":94,"minecraft:oak_leaves":1},"minecraft:custom":{"minecraft:interact_with_furnace":15,"minecraft:mob_kills":16,"minecraft:interact_with_crafting_table":13,"minecraft:bell_ring":2,"minecraft:leave_game":11,"minecraft:time_since_death":67437,"minecraft:sleep_in_bed":3,"minecraft:climb_one_cm":575,"minecraft:time_since_rest":24710,"minecraft:sprint_one_cm":101217,"minecraft:damage_taken":230,"minecraft:walk_one_cm":88138,"minecraft:damage_blocked_by_shield":85,"minecraft:damage_dealt":2828,"minecraft:swim_one_cm":8372,"minecraft:talked_to_villager":9,"minecraft:fly_one_cm":274591,"minecraft:open_chest":16,"minecraft:crouch_one_cm":3222,"minecraft:play_time":67437,"minecraft:sneak_time":1506,"minecraft:walk_under_water_one_cm":2226,"minecraft:jump":637,"minecraft:walk_on_water_one_cm":2389,"minecraft:total_world_time":67437,"minecraft:fall_one_cm":13125,"minecraft:horse_one_cm":405},"minecraft:crafted":{"minecraft:cooked_beef":7,"minecraft:oak_planks":192,"minecraft:crafting_table":2,"minecraft:wooden_pickaxe":1,"minecraft:furnace":1,"minecraft:bucket":1,"minecraft:stone_axe":1,"minecraft:bread":6,"minecraft:air":0,"minecraft:shield":1,"minecraft:stick":12,"minecraft:iron_ingot":26,"minecraft:stone_pickaxe":2,"minecraft:wooden_axe":1,"minecraft:wheat":18},"minecraft:used":{"minecraft:oak_trapdoor":4,"minecraft:water_bucket":3,"minecraft:stone_pickaxe":141,"minecraft:poppy":1,"minecraft:oak_planks":15,"minecraft:wooden_pickaxe":59,"minecraft:shield":3,"minecraft:sugar_cane":67,"minecraft:torch":5,"minecraft:mossy_cobblestone":1,"minecraft:dirt":4,"minecraft:crafting_table":6,"minecraft:oak_log":1,"minecraft:wooden_axe":19,"minecraft:lever":2,"minecraft:grass_block":40,"minecraft:bread":9,"minecraft:string":3,"minecraft:lectern":3,"minecraft:stone_axe":71,"minecraft:tripwire_hook":2,"minecraft:furnace":1,"minecraft:bucket":2,"minecraft:yellow_bed":1,"minecraft:cooked_beef":1},"minecraft:killed":{"minecraft:iron_golem":1,"minecraft:skeleton":1,"minecraft:zombie":5,"minecraft:cow":8}},"DataVersion":3465}