{"stats":{"minecraft:picked_up":{"minecraft:crafting_table":9,"minecraft:azure_bluet":1,"minecraft:splash_potion":3,"minecraft:smithing_table":6,"minecraft:brewing_stand":3,"minecraft:string":35,"minecraft:oak_trapdoor":6,"minecraft:iron_leggings":1,"minecraft:oak_sign":1,"minecraft:beef":16,"minecraft:poppy":2,"minecraft:lectern":15,"minecraft:sugar_cane":215,"minecraft:birch_sapling":3,"minecraft:stick":17,"minecraft:raw_iron":38,"minecraft:oak_fence":1,"minecraft:torch":13,"minecraft:arrow":6,"minecraft:rotten_flesh":15,"minecraft:hay_block":2,"minecraft:bookshelf":1,"minecraft:cobblestone":516,"minecraft:oxeye_daisy":1,"minecraft:tripwire_hook":6,"minecraft:birch_slab":1,"minecraft:andesite":4,"minecraft:leather":7,"minecraft:dark_oak_boat":1,"minecraft:smoker":1,"minecraft:potato":12,"minecraft:flint":2,"minecraft:oak_log":49,"minecraft:yellow_bed":6,"minecraft:gunpowder":2,"minecraft:lapis_lazuli":39,"minecraft:paper":41,"minecraft:dirt":71,"minecraft:apple":2,"minecraft:stonecutter":3,"minecraft:wheat_seeds":4,"minecraft:iron_ingot":4,"minecraft:fletching_table":2,"minecraft:oak_planks":340,"minecraft:book":9,"minecraft:oak_slab":1,"minecraft:blast_furnace":3,"minecraft:white_bed":2,"minecraft:dark_oak_log":64,"minecraft:mossy_cobblestone":2,"minecraft:iron_hoe":1,"minecraft:lever":4,"minecraft:granite":3,"minecraft:diamond_axe":4,"minecraft:emerald":25,"minecraft:oak_sapling":20,"minecraft:netherrack":68,"minecraft:coal":11},"minecraft:broken":{"minecraft:wooden_pickaxe":1,"minecraft:stone_pickaxe":2,"minecraft:stone_axe":1,"minecraft:iron_hoe":1},"minecraft:mined":{"minecraft:white_bed":2,"minecraft:mossy_cobblestone":2,"minecraft:jungle_leaves":7,"minecraft:dark_oak_log":2,"minecraft:brewing_stand":3,"minecraft:lever":1,"minecraft:granite":3,"minecraft:grass_block":19,"minecraft:birch_slab":1,"minecraft:hay_block":2,"minecraft:oak_trapdoor":4,"minecraft:iron_ore":29,"minecraft:andesite":4,"minecraft:fletching_table":2,"minecraft:bookshelf":3,"minecraft:stone":97,"minecraft:tripwire":3,"minecraft:smithing_table":2,"minecraft:smoker":1,"minecraft:oak_fence":1,"minecraft:crafting_table":6,"minecraft:torch":4,"minecraft:blast_furnace":1,"minecraft:lectern":14,"minecraft:tall_grass":2,"minecraft:cobblestone":58,"minecraft:lapis_ore":8,"minecraft:sugar_cane":105,"minecraft:oak_planks":15,"minecraft:wall_torch":1,"minecraft:birch_leaves":56,"minecraft:yellow_bed":5,"minecraft:grass":9,"minecraft:oak_log":50,"minecraft:coal_ore":11,"minecraft:dirt":32,"minecraft:tripwire_hook":2,"minecraft:stonecutter":3,"minecraft:netherrack":68,"minecraft:oak_leaves":190,"minecraft:fern":1},"minecraft:dropped":{"minecraft:oak_slab":1,"minecraft:wheat_seeds":1,"minecraft:diamond_axe":3,"minecraft:smithing_table":4,"minecraft:crafting_table":2,"minecraft:bookshelf":1,"minecraft:cobblestone":362,"minecraft:stick":8,"minecraft:flint":2,"minecraft:emerald":34,"minecraft:dirt":2,"minecraft:torch":2,"minecraft:iron_leggings":1,"minecraft:stonecutter":1,"minecraft:paper":43,"minecraft:dark_oak_boat":1,"minecraft:sugar_cane":10,"minecraft:lever":1,"minecraft:oak_trapdoor":2,"minecraft:birch_sapling":3,"minecraft:raw_iron":10,"minecraft:rotten_flesh":9,"minecraft:oak_planks":325,"minecraft:oak_sign":1,"minecraft:blast_furnace":2,"minecraft:gunpowder":1,"minecraft:yellow_bed":1,"minecraft:oak_sapling":20,"minecraft:arrow":4},"minecraft:custom":{"minecraft:mob_kills":22,"minecraft:interact_with_crafting_table":36,"minecraft:bell_ring":2,"minecraft:leave_game":11,"minecraft:time_since_death":27495,"minecraft:climb_one_cm":1705,"minecraft:sprint_one_cm":512878,"minecraft:walk_one_cm":292464,"minecraft:damage_blocked_by_shield":85,"minecraft:drop":67,"minecraft:talked_to_villager":156,"minecraft:play_time":208903,"minecraft:deaths":1,"minecraft:sneak_time":3867,"minecraft:walk_under_water_one_cm":2568,"minecraft:boat_one_cm":2,"minecraft:interact_with_brewingstand":1,"minecraft:jump":3686,"minecraft:walk_on_water_one_cm":20424,"minecraft:total_world_time":208903,"minecraft:interact_with_furnace":15,"minecraft:traded_with_villager":200,"minecraft:sleep_in_bed":12,"minecraft:time_since_rest":4612,"minecraft:damage_taken":1276,"minecraft:damage_dealt":4054,"minecraft:swim_one_cm":8561,"minecraft:fly_one_cm":1092878,"minecraft:player_kills":1,"minecraft:open_chest":207,"minecraft:crouch_one_cm":8815,"minecraft:fall_one_cm":80048,"minecraft:horse_one_cm":405},"minecraft:crafted":{"minecraft:oak_planks":192,"minecraft:tripwire_hook":2,"minecraft:dark_oak_boat":1,"minecraft:furnace":1,"minecraft:lever":1,"minecraft:bookshelf":6,"minecraft:oak_trapdoor":2,"minecraft:stone_pickaxe":3,"minecraft:chest":1,"minecraft:dark_oak_planks":3236,"minecraft:wheat":18,"minecraft:cooked_beef":7,"minecraft:oak_slab":12,"minecraft:emerald":183,"minecraft:cooked_porkchop":40,"minecraft:crafting_table":2,"minecraft:wooden_pickaxe":1,"minecraft:fletching_table":5,"minecraft:bucket":1,"minecraft:stone_axe":2,"minecraft:enchanted_book":5,"minecraft:bread":6,"minecraft:air":0,"minecraft:lectern":3,"minecraft:dark_oak_slab":12,"minecraft:book":7,"minecraft:paper":126,"minecraft:golden_apple":1,"minecraft:shield":1,"minecraft:stick":6640,"minecraft:iron_ingot":26,"minecraft:wooden_axe":1,"minecraft:stone_sword":1,"minecraft:composter":1,"minecraft:shears":1},"minecraft:used":{"minecraft:oak_trapdoor":8,"minecraft:stone_sword":2,"minecraft:poppy":2,"minecraft:chest":1,"minecraft:shield":3,"minecraft:netherrack":68,"minecraft:torch":9,"minecraft:dirt":71,"minecraft:iron_hoe":252,"minecraft:wooden_axe":19,"minecraft:bookshelf":3,"minecraft:grass_block":40,"minecraft:tripwire_hook":6,"minecraft:dark_oak_boat":1,"minecraft:furnace":1,"minecraft:cooked_beef":7,"minecraft:water_bucket":8,"minecraft:stone_pickaxe":257,"minecraft:oak_planks":21,"minecraft:wooden_pickaxe":59,"minecraft:stonecutter":2,"minecraft:sugar_cane":67,"minecraft:composter":1,"minecraft:fletching_table":4,"minecraft:mossy_cobblestone":2,"minecraft:crafting_table":7,"minecraft:white_bed":1,"minecraft:shears":3,"minecraft:oak_log":1,"minecraft:lever":4,"minecraft:dark_oak_log":2,"minecraft:bread":9,"minecraft:string":9,"minecraft:lectern":20,"minecraft:stone_axe":112,"minecraft:cobblestone":24,"minecraft:cooked_porkchop":14,"minecraft:bucket":7,"minecraft:yellow_bed":3,"minecraft:splash_potion":1},"minecraft:killed":{"minecraft:spider":1,"minecraft:skeleton":2,"minecraft:iron_golem":1,"minecraft:creeper":1,"minecraft:zombie":8,"minecraft:cow":8},"minecraft:killed_by":{"minecraft:player":1}},"DataVersion":3465}