{"stats":{"minecraft:picked_up":{"minecraft:crafting_table":6,"minecraft:tripwire_hook":2,"minecraft:andesite":4,"minecraft:leather":7,"minecraft:oak_log":49,"minecraft:brewing_stand":1,"minecraft:yellow_bed":2,"minecraft:lapis_lazuli":39,"minecraft:dirt":23,"minecraft:string":31,"minecraft:iron_leggings":1,"minecraft:oak_sign":1,"minecraft:wheat_seeds":2,"minecraft:beef":16,"minecraft:iron_ingot":4,"minecraft:poppy":1,"minecraft:sugar_cane":69,"minecraft:oak_planks":6,"minecraft:stick":5,"minecraft:raw_iron":28,"minecraft:oak_fence":1,"minecraft:torch":9,"minecraft:mossy_cobblestone":1,"minecraft:arrow":2,"minecraft:rotten_flesh":6,"minecraft:lever":1,"minecraft:hay_block":2,"minecraft:granite":3,"minecraft:oak_sapling":3,"minecraft:netherrack":10,"minecraft:coal":11,"minecraft:cobblestone":136},"minecraft:broken":{"minecraft:stone_pickaxe":1,"minecraft:wooden_pickaxe":1},"minecraft:mined":{"minecraft:mossy_cobblestone":1,"minecraft:brewing_stand":1,"minecraft:oak_fence":1,"minecraft:crafting_table":6,"minecraft:torch":3,"minecraft:granite":3,"minecraft:grass_block":7,"minecraft:tall_grass":1,"minecraft:cobblestone":43,"minecraft:lapis_ore":8,"minecraft:sugar_cane":36,"minecraft:oak_planks":6,"minecraft:wall_torch":1,"minecraft:hay_block":2,"minecraft:iron_ore":29,"minecraft:andesite":4,"minecraft:yellow_bed":2,"minecraft:grass":6,"minecraft:oak_log":50,"minecraft:coal_ore":11,"minecraft:dirt":16,"minecraft:stone":94,"minecraft:netherrack":10,"minecraft:tripwire":2,"minecraft:oak_leaves":1},"minecraft:dropped":{"minecraft:wheat_seeds":1,"minecraft:oak_sign":1,"minecraft:oak_sapling":3,"minecraft:iron_leggings":1},"minecraft:custom":{"minecraft:interact_with_furnace":15,"minecraft:mob_kills":16,"minecraft:interact_with_crafting_table":17,"minecraft:bell_ring":2,"minecraft:leave_game":11,"minecraft:time_since_death":96260,"minecraft:sleep_in_bed":4,"minecraft:climb_one_cm":575,"minecraft:time_since_rest":7491,"minecraft:sprint_one_cm":164419,"minecraft:damage_taken":248,"minecraft:walk_one_cm":123914,"minecraft:damage_blocked_by_shield":85,"minecraft:drop":4,"minecraft:damage_dealt":2964,"minecraft:swim_one_cm":8372,"minecraft:talked_to_villager":9,"minecraft:fly_one_cm":388531,"minecraft:player_kills":1,"minecraft:open_chest":34,"minecraft:crouch_one_cm":4591,"minecraft:play_time":96260,"minecraft:sneak_time":1948,"minecraft:walk_under_water_one_cm":2226,"minecraft:jump":1108,"minecraft:walk_on_water_one_cm":9724,"minecraft:total_world_time":96260,"minecraft:fall_one_cm":26328,"minecraft:horse_one_cm":405},"minecraft:crafted":{"minecraft:cooked_beef":7,"minecraft:oak_planks":192,"minecraft:tripwire_hook":2,"minecraft:crafting_table":2,"minecraft:wooden_pickaxe":1,"minecraft:furnace":1,"minecraft:lever":1,"minecraft:bucket":1,"minecraft:stone_axe":1,"minecraft:bread":6,"minecraft:air":0,"minecraft:oak_trapdoor":2,"minecraft:shield":1,"minecraft:stick":12,"minecraft:iron_ingot":26,"minecraft:stone_pickaxe":2,"minecraft:wooden_axe":1,"minecraft:shears":1,"minecraft:wheat":18},"minecraft:used":{"minecraft:oak_trapdoor":6,"minecraft:water_bucket":5,"minecraft:stone_pickaxe":151,"minecraft:poppy":1,"minecraft:oak_planks":15,"minecraft:wooden_pickaxe":59,"minecraft:shield":3,"minecraft:sugar_cane":67,"minecraft:netherrack":32,"minecraft:torch":9,"minecraft:mossy_cobblestone":1,"minecraft:dirt":4,"minecraft:crafting_table":7,"minecraft:shears":2,"minecraft:oak_log":1,"minecraft:wooden_axe":19,"minecraft:lever":3,"minecraft:grass_block":40,"minecraft:bread":9,"minecraft:string":7,"minecraft:lectern":3,"minecraft:stone_axe":74,"minecraft:tripwire_hook":4,"minecraft:furnace":1,"minecraft:bucket":3,"minecraft:yellow_bed":1,"minecraft:cooked_beef":3},"minecraft:killed":{"minecraft:iron_golem":1,"minecraft:skeleton":1,"minecraft:zombie":5,"minecraft:cow":8}},"DataVersion":3465}