{"stats":{"minecraft:picked_up":{"minecraft:crafting_table":8,"minecraft:azure_bluet":1,"minecraft:smithing_table":6,"minecraft:brewing_stand":3,"minecraft:oak_trapdoor":6,"minecraft:string":33,"minecraft:iron_leggings":1,"minecraft:oak_sign":1,"minecraft:beef":16,"minecraft:poppy":2,"minecraft:lectern":2,"minecraft:sugar_cane":215,"minecraft:raw_iron":38,"minecraft:stick":13,"minecraft:oak_fence":1,"minecraft:torch":11,"minecraft:arrow":4,"minecraft:rotten_flesh":15,"minecraft:hay_block":2,"minecraft:bookshelf":1,"minecraft:cobblestone":506,"minecraft:oxeye_daisy":1,"minecraft:tripwire_hook":6,"minecraft:andesite":4,"minecraft:leather":7,"minecraft:smoker":1,"minecraft:flint":2,"minecraft:oak_log":49,"minecraft:yellow_bed":5,"minecraft:gunpowder":2,"minecraft:paper":41,"minecraft:lapis_lazuli":39,"minecraft:dirt":32,"minecraft:stonecutter":1,"minecraft:wheat_seeds":3,"minecraft:iron_ingot":4,"minecraft:fletching_table":2,"minecraft:oak_planks":336,"minecraft:book":3,"minecraft:oak_slab":1,"minecraft:blast_furnace":3,"minecraft:mossy_cobblestone":2,"minecraft:lever":4,"minecraft:granite":3,"minecraft:diamond_axe":4,"minecraft:oak_sapling":7,"minecraft:netherrack":68,"minecraft:coal":11},"minecraft:broken":{"minecraft:wooden_pickaxe":1,"minecraft:stone_pickaxe":1,"minecraft:stone_axe":1},"minecraft:mined":{"minecraft:mossy_cobblestone":2,"minecraft:brewing_stand":3,"minecraft:lever":1,"minecraft:granite":3,"minecraft:grass_block":8,"minecraft:hay_block":2,"minecraft:oak_trapdoor":4,"minecraft:iron_ore":29,"minecraft:andesite":4,"minecraft:fletching_table":2,"minecraft:bookshelf":1,"minecraft:stone":94,"minecraft:tripwire":3,"minecraft:smithing_table":2,"minecraft:smoker":1,"minecraft:crafting_table":6,"minecraft:oak_fence":1,"minecraft:torch":3,"minecraft:blast_furnace":1,"minecraft:lectern":2,"minecraft:tall_grass":2,"minecraft:cobblestone":51,"minecraft:lapis_ore":8,"minecraft:sugar_cane":105,"minecraft:oak_planks":11,"minecraft:wall_torch":1,"minecraft:yellow_bed":4,"minecraft:grass":6,"minecraft:oak_log":50,"minecraft:coal_ore":11,"minecraft:dirt":25,"minecraft:tripwire_hook":2,"minecraft:stonecutter":1,"minecraft:netherrack":68,"minecraft:oak_leaves":1},"minecraft:dropped":{"minecraft:oak_slab":1,"minecraft:wheat_seeds":1,"minecraft:diamond_axe":3,"minecraft:smithing_table":4,"minecraft:crafting_table":2,"minecraft:bookshelf":1,"minecraft:cobblestone":362,"minecraft:stick":8,"minecraft:flint":2,"minecraft:dirt":2,"minecraft:torch":1,"minecraft:iron_leggings":1,"minecraft:stonecutter":1,"minecraft:paper":43,"minecraft:sugar_cane":10,"minecraft:lever":1,"minecraft:oak_trapdoor":2,"minecraft:raw_iron":10,"minecraft:rotten_flesh":9,"minecraft:oak_planks":325,"minecraft:oak_sign":1,"minecraft:blast_furnace":2,"minecraft:gunpowder":1,"minecraft:yellow_bed":1,"minecraft:oak_sapling":6,"minecraft:arrow":2},"minecraft:custom":{"minecraft:mob_kills":19,"minecraft:interact_with_crafting_table":28,"minecraft:bell_ring":2,"minecraft:leave_game":11,"minecraft:time_since_death":138095,"minecraft:climb_one_cm":733,"minecraft:sprint_one_cm":321503,"minecraft:walk_one_cm":189104,"minecraft:damage_blocked_by_shield":85,"minecraft:drop":51,"minecraft:talked_to_villager":68,"minecraft:play_time":138095,"minecraft:sneak_time":3298,"minecraft:walk_under_water_one_cm":2568,"minecraft:jump":2191,"minecraft:walk_on_water_one_cm":19942,"minecraft:total_world_time":138095,"minecraft:interact_with_furnace":15,"minecraft:traded_with_villager":137,"minecraft:sleep_in_bed":5,"minecraft:time_since_rest":2241,"minecraft:damage_taken":518,"minecraft:damage_dealt":3565,"minecraft:swim_one_cm":8561,"minecraft:fly_one_cm":705449,"minecraft:player_kills":1,"minecraft:open_chest":138,"minecraft:crouch_one_cm":8290,"minecraft:fall_one_cm":50328,"minecraft:horse_one_cm":405},"minecraft:crafted":{"minecraft:oak_planks":192,"minecraft:tripwire_hook":2,"minecraft:furnace":1,"minecraft:lever":1,"minecraft:bookshelf":4,"minecraft:oak_trapdoor":2,"minecraft:stone_pickaxe":2,"minecraft:dark_oak_planks":2204,"minecraft:wheat":18,"minecraft:cooked_beef":7,"minecraft:oak_slab":12,"minecraft:emerald":125,"minecraft:cooked_porkchop":40,"minecraft:crafting_table":2,"minecraft:wooden_pickaxe":1,"minecraft:fletching_table":5,"minecraft:bucket":1,"minecraft:stone_axe":1,"minecraft:enchanted_book":2,"minecraft:bread":6,"minecraft:air":0,"minecraft:lectern":3,"minecraft:dark_oak_slab":12,"minecraft:book":7,"minecraft:paper":126,"minecraft:shield":1,"minecraft:stick":4592,"minecraft:iron_ingot":26,"minecraft:wooden_axe":1,"minecraft:composter":1,"minecraft:shears":1},"minecraft:used":{"minecraft:oak_trapdoor":8,"minecraft:poppy":2,"minecraft:shield":3,"minecraft:netherrack":68,"minecraft:torch":9,"minecraft:dirt":9,"minecraft:wooden_axe":19,"minecraft:bookshelf":1,"minecraft:grass_block":40,"minecraft:tripwire_hook":6,"minecraft:furnace":1,"minecraft:cooked_beef":7,"minecraft:water_bucket":8,"minecraft:stone_pickaxe":240,"minecraft:oak_planks":18,"minecraft:wooden_pickaxe":59,"minecraft:composter":1,"minecraft:fletching_table":4,"minecraft:sugar_cane":67,"minecraft:mossy_cobblestone":2,"minecraft:crafting_table":7,"minecraft:shears":3,"minecraft:oak_log":1,"minecraft:lever":4,"minecraft:bread":9,"minecraft:string":9,"minecraft:lectern":7,"minecraft:stone_axe":95,"minecraft:cobblestone":11,"minecraft:cooked_porkchop":3,"minecraft:bucket":7,"minecraft:yellow_bed":2},"minecraft:killed":{"minecraft:skeleton":1,"minecraft:iron_golem":1,"minecraft:creeper":1,"minecraft:zombie":7,"minecraft:cow":8}},"DataVersion":3465}