{"stats":{"minecraft:crafted":{"minecraft:oak_planks":192,"minecraft:tripwire_hook":2,"minecraft:dark_oak_boat":1,"minecraft:furnace":1,"minecraft:lever":1,"minecraft:bookshelf":7,"minecraft:oak_trapdoor":2,"minecraft:stone_pickaxe":3,"minecraft:chest":1,"minecraft:dark_oak_planks":4256,"minecraft:wheat":18,"minecraft:cooked_beef":7,"minecraft:oak_slab":12,"minecraft:emerald":247,"minecraft:cooked_porkchop":80,"minecraft:crafting_table":2,"minecraft:wooden_pickaxe":1,"minecraft:fletching_table":5,"minecraft:bucket":1,"minecraft:stone_axe":2,"minecraft:enchanted_book":7,"minecraft:bread":6,"minecraft:air":0,"minecraft:lectern":3,"minecraft:dark_oak_slab":12,"minecraft:book":7,"minecraft:paper":126,"minecraft:golden_apple":2,"minecraft:shield":1,"minecraft:stick":8672,"minecraft:iron_ingot":44,"minecraft:wooden_axe":1,"minecraft:stone_sword":1,"minecraft:gold_ingot":9,"minecraft:composter":1,"minecraft:shears":1},"minecraft:picked_up":{"minecraft:crafting_table":10,"minecraft:azure_bluet":1,"minecraft:splash_potion":3,"minecraft:smithing_table":6,"minecraft:gold_block":1,"minecraft:enchanted_book":1,"minecraft:brewing_stand":3,"minecraft:string":39,"minecraft:oak_trapdoor":6,"minecraft:iron_leggings":1,"minecraft:oak_sign":1,"minecraft:beef":16,"minecraft:poppy":2,"minecraft:iron_pickaxe":1,"minecraft:lectern":19,"minecraft:sugar_cane":215,"minecraft:birch_sapling":3,"minecraft:furnace":1,"minecraft:stick":17,"minecraft:raw_iron":38,"minecraft:oak_fence":1,"minecraft:torch":13,"minecraft:rabbit_foot":1,"minecraft:arrow":10,"minecraft:rotten_flesh":20,"minecraft:hay_block":2,"minecraft:bookshelf":1,"minecraft:cobblestone":528,"minecraft:oxeye_daisy":1,"minecraft:tripwire_hook":6,"minecraft:birch_slab":1,"minecraft:andesite":4,"minecraft:leather":7,"minecraft:dark_oak_boat":2,"minecraft:smoker":1,"minecraft:potato":12,"minecraft:flint":2,"minecraft:oak_log":49,"minecraft:yellow_bed":6,"minecraft:gunpowder":2,"minecraft:lapis_lazuli":39,"minecraft:paper":41,"minecraft:dirt":91,"minecraft:apple":3,"minecraft:stonecutter":3,"minecraft:wheat_seeds":4,"minecraft:raw_gold":2,"minecraft:iron_ingot":4,"minecraft:fletching_table":2,"minecraft:oak_planks":340,"minecraft:book":12,"minecraft:oak_slab":1,"minecraft:blast_furnace":3,"minecraft:white_bed":3,"minecraft:dark_oak_log":65,"minecraft:mossy_cobblestone":2,"minecraft:iron_hoe":1,"minecraft:lever":4,"minecraft:granite":3,"minecraft:diamond_axe":4,"minecraft:emerald":25,"minecraft:oak_sapling":20,"minecraft:netherrack":73,"minecraft:coal":15},"minecraft:broken":{"minecraft:wooden_pickaxe":1,"minecraft:stone_pickaxe":2,"minecraft:stone_axe":1,"minecraft:iron_hoe":1},"minecraft:used":{"minecraft:oak_trapdoor":8,"minecraft:stone_sword":21,"minecraft:poppy":2,"minecraft:chest":1,"minecraft:shield":3,"minecraft:netherrack":113,"minecraft:torch":9,"minecraft:dirt":102,"minecraft:iron_hoe":252,"minecraft:wooden_axe":19,"minecraft:bookshelf":4,"minecraft:grass_block":40,"minecraft:tripwire_hook":6,"minecraft:dark_oak_boat":2,"minecraft:furnace":2,"minecraft:cooked_beef":7,"minecraft:water_bucket":8,"minecraft:stone_pickaxe":282,"minecraft:oak_planks":21,"minecraft:wooden_pickaxe":59,"minecraft:stonecutter":2,"minecraft:sugar_cane":67,"minecraft:composter":1,"minecraft:fletching_table":7,"minecraft:mossy_cobblestone":2,"minecraft:crafting_table":9,"minecraft:white_bed":2,"minecraft:shears":3,"minecraft:oak_log":1,"minecraft:lever":4,"minecraft:dark_oak_log":2,"minecraft:bread":9,"minecraft:string":9,"minecraft:lectern":24,"minecraft:stone_axe":119,"minecraft:cobblestone":31,"minecraft:cooked_porkchop":20,"minecraft:bucket":7,"minecraft:yellow_bed":3,"minecraft:splash_potion":2},"minecraft:killed_by":{"minecraft:player":1},"minecraft:custom":{"minecraft:interact_with_anvil":1,"minecraft:mob_kills":26,"minecraft:interact_with_crafting_table":41,"minecraft:bell_ring":2,"minecraft:leave_game":11,"minecraft:time_since_death":69422,"minecraft:climb_one_cm":1705,"minecraft:sprint_one_cm":652187,"minecraft:walk_one_cm":353677,"minecraft:damage_blocked_by_shield":85,"minecraft:drop":83,"minecraft:talked_to_villager":198,"minecraft:play_time":250830,"minecraft:deaths":1,"minecraft:sneak_time":5064,"minecraft:walk_under_water_one_cm":2568,"minecraft:boat_one_cm":8,"minecraft:interact_with_brewingstand":1,"minecraft:jump":4488,"minecraft:walk_on_water_one_cm":20559,"minecraft:total_world_time":250830,"minecraft:interact_with_furnace":18,"minecraft:traded_with_villager":275,"minecraft:sleep_in_bed":14,"minecraft:time_since_rest":1361,"minecraft:damage_taken":1381,"minecraft:damage_dealt":5014,"minecraft:swim_one_cm":8561,"minecraft:fly_one_cm":1287873,"minecraft:player_kills":1,"minecraft:open_chest":300,"minecraft:crouch_one_cm":13877,"minecraft:fall_one_cm":99247,"minecraft:horse_one_cm":12799},"minecraft:dropped":{"minecraft:enchanted_book":2,"minecraft:oak_slab":1,"minecraft:wheat_seeds":1,"minecraft:diamond_axe":3,"minecraft:smithing_table":4,"minecraft:crafting_table":2,"minecraft:bookshelf":1,"minecraft:cobblestone":362,"minecraft:apple":1,"minecraft:granite":5,"minecraft:birch_slab":1,"minecraft:stick":8,"minecraft:flint":2,"minecraft:emerald":34,"minecraft:dirt":2,"minecraft:torch":2,"minecraft:iron_leggings":1,"minecraft:stonecutter":1,"minecraft:iron_pickaxe":1,"minecraft:paper":43,"minecraft:string":4,"minecraft:dark_oak_boat":1,"minecraft:sugar_cane":10,"minecraft:lever":1,"minecraft:oak_trapdoor":2,"minecraft:birch_sapling":3,"minecraft:raw_iron":10,"minecraft:rotten_flesh":12,"minecraft:oak_planks":325,"minecraft:oak_sign":1,"minecraft:rabbit_foot":2,"minecraft:blast_furnace":2,"minecraft:gunpowder":1,"minecraft:yellow_bed":1,"minecraft:oak_sapling":20,"minecraft:arrow":6},"minecraft:killed":{"minecraft:spider":1,"minecraft:skeleton":2,"minecraft:iron_golem":1,"minecraft:creeper":1,"minecraft:zombie":12,"minecraft:cow":8},"minecraft:mined":{"minecraft:white_bed":3,"minecraft:mossy_cobblestone":2,"minecraft:jungle_leaves":7,"minecraft:dark_oak_log":3,"minecraft:brewing_stand":3,"minecraft:lever":1,"minecraft:granite":3,"minecraft:grass_block":19,"minecraft:birch_slab":1,"minecraft:hay_block":2,"minecraft:oak_trapdoor":4,"minecraft:furnace":1,"minecraft:iron_ore":29,"minecraft:andesite":4,"minecraft:fletching_table":2,"minecraft:bookshelf":4,"minecraft:stone":112,"minecraft:tripwire":3,"minecraft:smithing_table":2,"minecraft:smoker":1,"minecraft:oak_fence":1,"minecraft:crafting_table":7,"minecraft:torch":4,"minecraft:blast_furnace":1,"minecraft:lectern":18,"minecraft:tall_grass":2,"minecraft:cobblestone":60,"minecraft:lapis_ore":8,"minecraft:sugar_cane":105,"minecraft:oak_planks":15,"minecraft:diorite":1,"minecraft:wall_torch":1,"minecraft:birch_leaves":56,"minecraft:yellow_bed":5,"minecraft:grass":9,"minecraft:oak_log":50,"minecraft:coal_ore":11,"minecraft:dirt":33,"minecraft:tripwire_hook":2,"minecraft:stonecutter":3,"minecraft:netherrack":74,"minecraft:oak_leaves":190,"minecraft:fern":1}},"DataVersion":3465}