{"stats":{"minecraft:dropped":{"minecraft:enchanted_book":4,"minecraft:oak_slab":1,"minecraft:wheat_seeds":1,"minecraft:diamond_axe":3,"minecraft:smithing_table":4,"minecraft:crafting_table":2,"minecraft:bookshelf":1,"minecraft:diamond_leggings":1,"minecraft:golden_axe":2,"minecraft:cobblestone":362,"minecraft:apple":1,"minecraft:granite":5,"minecraft:birch_slab":1,"minecraft:flint":2,"minecraft:stick":8,"minecraft:emerald":34,"minecraft:dirt":2,"minecraft:diorite":1,"minecraft:torch":2,"minecraft:cornflower":1,"minecraft:diamond_helmet":1,"minecraft:iron_leggings":1,"minecraft:stonecutter":1,"minecraft:iron_pickaxe":1,"minecraft:paper":43,"minecraft:string":4,"minecraft:dark_oak_boat":1,"minecraft:dandelion":3,"minecraft:sugar_cane":10,"minecraft:lever":1,"minecraft:oak_trapdoor":2,"minecraft:birch_sapling":3,"minecraft:raw_iron":10,"minecraft:rotten_flesh":12,"minecraft:oak_planks":325,"minecraft:iron_boots":10,"minecraft:azure_bluet":2,"minecraft:oak_sign":1,"minecraft:rabbit_foot":2,"minecraft:chainmail_chestplate":14,"minecraft:blast_furnace":2,"minecraft:gunpowder":1,"minecraft:diamond_chestplate":1,"minecraft:diamond_pickaxe":1,"minecraft:yellow_bed":1,"minecraft:oak_sapling":20,"minecraft:diamond_boots":2,"minecraft:arrow":6},"minecraft:picked_up":{"minecraft:crafting_table":10,"minecraft:azure_bluet":3,"minecraft:splash_potion":3,"minecraft:smithing_table":6,"minecraft:gold_block":1,"minecraft:enchanted_book":2,"minecraft:brewing_stand":3,"minecraft:cornflower":1,"minecraft:string":39,"minecraft:oak_trapdoor":6,"minecraft:iron_leggings":1,"minecraft:oak_sign":1,"minecraft:diamond_leggings":1,"minecraft:beef":16,"minecraft:poppy":2,"minecraft:iron_pickaxe":1,"minecraft:lectern":20,"minecraft:sugar_cane":398,"minecraft:birch_sapling":3,"minecraft:furnace":1,"minecraft:stick":17,"minecraft:raw_iron":38,"minecraft:oak_fence":1,"minecraft:torch":13,"minecraft:golden_axe":2,"minecraft:diorite":2,"minecraft:carrot":24,"minecraft:rabbit_foot":1,"minecraft:arrow":12,"minecraft:diamond_chestplate":1,"minecraft:rotten_flesh":22,"minecraft:diamond_boots":1,"minecraft:hay_block":2,"minecraft:bookshelf":1,"minecraft:cobblestone":532,"minecraft:oxeye_daisy":1,"minecraft:tripwire_hook":6,"minecraft:birch_slab":1,"minecraft:andesite":4,"minecraft:leather":7,"minecraft:dark_oak_boat":2,"minecraft:smoker":1,"minecraft:potato":12,"minecraft:flint":2,"minecraft:oak_log":49,"minecraft:wither_skeleton_skull":1,"minecraft:yellow_bed":6,"minecraft:gunpowder":4,"minecraft:lapis_lazuli":39,"minecraft:paper":41,"minecraft:dirt":142,"minecraft:bone":1,"minecraft:apple":3,"minecraft:stonecutter":3,"minecraft:wheat_seeds":4,"minecraft:raw_gold":2,"minecraft:iron_ingot":4,"minecraft:diamond_helmet":1,"minecraft:fletching_table":2,"minecraft:oak_planks":340,"minecraft:book":15,"minecraft:oak_slab":1,"minecraft:dandelion":3,"minecraft:blast_furnace":4,"minecraft:white_bed":3,"minecraft:dark_oak_log":65,"minecraft:mossy_cobblestone":2,"minecraft:iron_hoe":1,"minecraft:lever":4,"minecraft:granite":3,"minecraft:diamond_axe":4,"minecraft:emerald":25,"minecraft:oak_sapling":20,"minecraft:netherrack":92,"minecraft:coal":15,"minecraft:diamond_pickaxe":1},"minecraft:mined":{"minecraft:white_bed":3,"minecraft:mossy_cobblestone":2,"minecraft:jungle_leaves":7,"minecraft:dark_oak_log":3,"minecraft:brewing_stand":3,"minecraft:lever":1,"minecraft:granite":3,"minecraft:grass_block":26,"minecraft:birch_slab":1,"minecraft:hay_block":2,"minecraft:oak_trapdoor":4,"minecraft:carrots":7,"minecraft:furnace":1,"minecraft:iron_ore":29,"minecraft:andesite":4,"minecraft:fletching_table":2,"minecraft:bookshelf":5,"minecraft:stone":114,"minecraft:tripwire":3,"minecraft:smithing_table":2,"minecraft:smoker":1,"minecraft:oak_fence":1,"minecraft:crafting_table":7,"minecraft:torch":4,"minecraft:blast_furnace":2,"minecraft:lectern":19,"minecraft:tall_grass":2,"minecraft:cobblestone":62,"minecraft:lapis_ore":8,"minecraft:sugar_cane":199,"minecraft:oak_planks":15,"minecraft:diorite":3,"minecraft:wall_torch":1,"minecraft:birch_leaves":56,"minecraft:yellow_bed":5,"minecraft:grass":9,"minecraft:oak_log":50,"minecraft:coal_ore":11,"minecraft:dirt":36,"minecraft:tripwire_hook":2,"minecraft:stonecutter":3,"minecraft:netherrack":93,"minecraft:oak_leaves":190,"minecraft:fern":1},"minecraft:killed":{"minecraft:spider":2,"minecraft:skeleton":3,"minecraft:iron_golem":1,"minecraft:creeper":2,"minecraft:zombie":13,"minecraft:cow":8},"minecraft:crafted":{"minecraft:oak_planks":228,"minecraft:tripwire_hook":2,"minecraft:dark_oak_boat":1,"minecraft:furnace":1,"minecraft:stone":3,"minecraft:lever":1,"minecraft:bookshelf":9,"minecraft:oak_trapdoor":2,"minecraft:diamond_helmet":1,"minecraft:diamond_leggings":1,"minecraft:iron_boots":10,"minecraft:stone_pickaxe":3,"minecraft:chest":1,"minecraft:diamond_boots":2,"minecraft:dark_oak_planks":4768,"minecraft:wheat":18,"minecraft:cooked_beef":7,"minecraft:oak_slab":12,"minecraft:emerald":294,"minecraft:cooked_porkchop":80,"minecraft:crafting_table":2,"minecraft:wooden_pickaxe":1,"minecraft:chainmail_chestplate":14,"minecraft:fletching_table":5,"minecraft:bucket":1,"minecraft:stone_axe":2,"minecraft:enchanted_book":13,"minecraft:bread":6,"minecraft:air":0,"minecraft:lectern":3,"minecraft:dark_oak_slab":12,"minecraft:book":7,"minecraft:paper":126,"minecraft:golden_apple":2,"minecraft:shield":1,"minecraft:stick":9696,"minecraft:iron_ingot":44,"minecraft:wooden_axe":1,"minecraft:stone_sword":1,"minecraft:gold_ingot":9,"minecraft:composter":1,"minecraft:shears":1,"minecraft:diamond_chestplate":1},"minecraft:used":{"minecraft:oak_trapdoor":8,"minecraft:stone_sword":42,"minecraft:poppy":2,"minecraft:chest":1,"minecraft:shield":3,"minecraft:netherrack":135,"minecraft:torch":9,"minecraft:dirt":168,"minecraft:iron_hoe":252,"minecraft:wooden_axe":19,"minecraft:bookshelf":5,"minecraft:grass_block":40,"minecraft:tripwire_hook":6,"minecraft:dark_oak_boat":2,"minecraft:furnace":2,"minecraft:cooked_beef":7,"minecraft:water_bucket":8,"minecraft:diamond_boots":2,"minecraft:wither_skeleton_skull":1,"minecraft:stone_pickaxe":309,"minecraft:oak_planks":21,"minecraft:wooden_pickaxe":59,"minecraft:stonecutter":2,"minecraft:sugar_cane":160,"minecraft:composter":1,"minecraft:fletching_table":7,"minecraft:mossy_cobblestone":2,"minecraft:crafting_table":9,"minecraft:blast_furnace":2,"minecraft:white_bed":2,"minecraft:shears":3,"minecraft:oak_log":1,"minecraft:lever":4,"minecraft:dark_oak_log":2,"minecraft:bread":9,"minecraft:string":9,"minecraft:lectern":24,"minecraft:stone_axe":121,"minecraft:cobblestone":33,"minecraft:cooked_porkchop":25,"minecraft:bucket":7,"minecraft:yellow_bed":3,"minecraft:diamond_leggings":1,"minecraft:splash_potion":2},"minecraft:broken":{"minecraft:wooden_pickaxe":1,"minecraft:stone_pickaxe":2,"minecraft:stone_axe":1,"minecraft:iron_hoe":1},"minecraft:killed_by":{"minecraft:player":1},"minecraft:custom":{"minecraft:interact_with_anvil":3,"minecraft:mob_kills":31,"minecraft:interact_with_crafting_table":46,"minecraft:bell_ring":2,"minecraft:leave_game":11,"minecraft:time_since_death":97779,"minecraft:climb_one_cm":1891,"minecraft:sprint_one_cm":801560,"minecraft:walk_one_cm":406640,"minecraft:damage_blocked_by_shield":85,"minecraft:drop":124,"minecraft:talked_to_villager":257,"minecraft:play_time":279187,"minecraft:deaths":1,"minecraft:sneak_time":5115,"minecraft:walk_under_water_one_cm":2744,"minecraft:boat_one_cm":8,"minecraft:interact_with_brewingstand":1,"minecraft:jump":5461,"minecraft:walk_on_water_one_cm":23769,"minecraft:total_world_time":279187,"minecraft:interact_with_furnace":19,"minecraft:traded_with_villager":359,"minecraft:interact_with_grindstone":4,"minecraft:sleep_in_bed":18,"minecraft:time_since_rest":25238,"minecraft:damage_taken":1462,"minecraft:damage_dealt":6039,"minecraft:swim_one_cm":8561,"minecraft:fly_one_cm":1517249,"minecraft:player_kills":1,"minecraft:open_chest":372,"minecraft:crouch_one_cm":13922,"minecraft:fall_one_cm":122402,"minecraft:horse_one_cm":12799}},"DataVersion":3465}