{"stats":{"minecraft:crafted":{"minecraft:oak_planks":88,"minecraft:crafting_table":1,"minecraft:stick":8,"minecraft:wooden_pickaxe":1,"minecraft:stone_pickaxe":1,"minecraft:wooden_axe":1,"minecraft:stone_axe":1},"minecraft:picked_up":{"minecraft:crafting_table":2,"minecraft:tripwire_hook":2,"minecraft:torch":4,"minecraft:oak_log":29,"minecraft:yellow_bed":1,"minecraft:mossy_cobblestone":1,"minecraft:string":27,"minecraft:rotten_flesh":1,"minecraft:lever":1,"minecraft:cobblestone":43},"minecraft:killed":{"minecraft:zombie":1},"minecraft:custom":{"minecraft:time_since_rest":8163,"minecraft:sprint_one_cm":11636,"minecraft:damage_taken":10,"minecraft:walk_one_cm":23524,"minecraft:mob_kills":1,"minecraft:damage_dealt":79,"minecraft:talked_to_villager":2,"minecraft:interact_with_crafting_table":3,"minecraft:fly_one_cm":143781,"minecraft:open_chest":1,"minecraft:crouch_one_cm":499,"minecraft:play_time":16246,"minecraft:sneak_time":127,"minecraft:jump":81,"minecraft:leave_game":6,"minecraft:time_since_death":16246,"minecraft:sleep_in_bed":1,"minecraft:total_world_time":16246,"minecraft:fall_one_cm":1022},"minecraft:mined":{"minecraft:mossy_cobblestone":1,"minecraft:yellow_bed":1,"minecraft:crafting_table":2,"minecraft:oak_log":29,"minecraft:cobblestone":43},"minecraft:used":{"minecraft:oak_trapdoor":4,"minecraft:water_bucket":2,"minecraft:wooden_axe":19,"minecraft:lever":2,"minecraft:grass_block":40,"minecraft:stone_pickaxe":21,"minecraft:string":3,"minecraft:lectern":3,"minecraft:wooden_pickaxe":23,"minecraft:stone_axe":8,"minecraft:tripwire_hook":2,"minecraft:mossy_cobblestone":1,"minecraft:crafting_table":2}},"DataVersion":3465}