{"stats":{"minecraft:picked_up":{"minecraft:birch_door":5,"minecraft:iron_chestplate":4,"minecraft:wheat":36,"minecraft:smithing_table":1,"minecraft:oak_stairs":1,"minecraft:potion":2,"minecraft:brewing_stand":1,"minecraft:string":125,"minecraft:soul_soil":1,"minecraft:raw_copper":2,"minecraft:iron_leggings":3,"minecraft:beetroot":8,"minecraft:sea_pickle":7,"minecraft:diamond_leggings":2,"minecraft:gold_nugget":1,"minecraft:cobbled_deepslate":725,"minecraft:bucket":2,"minecraft:white_tulip":7,"minecraft:rose_bush":24,"minecraft:azalea":27,"minecraft:iron_pickaxe":3,"minecraft:melon_slice":19,"minecraft:furnace":10,"minecraft:iron_boots":3,"minecraft:stick":19,"minecraft:big_dripleaf":76,"minecraft:oak_fence":4,"minecraft:torch":43,"minecraft:porkchop":47,"minecraft:golden_axe":1,"minecraft:cauldron":5,"minecraft:rabbit_foot":1,"minecraft:orange_bed":5,"minecraft:stone_sword":8,"minecraft:cactus":8,"minecraft:rotten_flesh":77,"minecraft:red_tulip":7,"minecraft:blaze_rod":20,"minecraft:cod":4,"minecraft:cobblestone":315,"minecraft:birch_log":19,"minecraft:leather_chestplate":1,"minecraft:feather":9,"minecraft:cooked_beef":4,"minecraft:andesite":17,"minecraft:brown_wool":1,"minecraft:smoker":4,"minecraft:potato":5,"minecraft:flint":4,"minecraft:tuff":61,"minecraft:lapis_lazuli":352,"minecraft:dirt":218,"minecraft:bone":59,"minecraft:bow":9,"minecraft:orange_tulip":9,"minecraft:wheat_seeds":38,"minecraft:raw_gold":39,"minecraft:rabbit":3,"minecraft:diamond_helmet":2,"minecraft:bamboo":7,"minecraft:moss_block":81,"minecraft:oak_planks":138,"minecraft:cooked_porkchop":15,"minecraft:music_disc_13":1,"minecraft:axolotl_bucket":1,"minecraft:sand":443,"minecraft:ink_sac":7,"minecraft:lily_of_the_valley":7,"minecraft:dark_oak_log":92,"minecraft:clay":65,"minecraft:diamond":206,"minecraft:bread":28,"minecraft:emerald":2,"minecraft:oak_sapling":7,"minecraft:netherrack":55,"minecraft:diamond_pickaxe":2,"minecraft:fishing_rod":1,"minecraft:cocoa_beans":21,"minecraft:crafting_table":9,"minecraft:allium":3,"minecraft:chicken":13,"minecraft:clay_ball":264,"minecraft:wooden_pickaxe":2,"minecraft:shield":5,"minecraft:cornflower":1,"minecraft:moss_carpet":1,"minecraft:flint_and_steel":1,"minecraft:blue_orchid":66,"minecraft:beef":15,"minecraft:jungle_sapling":1,"minecraft:chest":6,"minecraft:sugar_cane":96,"minecraft:dark_oak_sapling":6,"minecraft:raw_iron":104,"minecraft:sandstone":16,"minecraft:carrot":3,"minecraft:redstone":83,"minecraft:stone_shovel":1,"minecraft:arrow":34,"minecraft:diamond_chestplate":2,"minecraft:cooked_cod":7,"minecraft:beetroot_seeds":22,"minecraft:peony":3,"minecraft:diamond_boots":2,"minecraft:hay_block":87,"minecraft:pink_tulip":3,"minecraft:saddle":3,"minecraft:glow_berries":68,"minecraft:mutton":69,"minecraft:bone_block":42,"minecraft:white_wool":47,"minecraft:rail":2,"minecraft:oxeye_daisy":2,"minecraft:salmon":15,"minecraft:leather":6,"minecraft:filled_map":1,"minecraft:birch_planks":27,"minecraft:oak_log":66,"minecraft:chainmail_chestplate":1,"minecraft:golden_boots":1,"minecraft:gunpowder":41,"minecraft:wooden_hoe":1,"minecraft:white_banner":2,"minecraft:cooked_mutton":9,"minecraft:spore_blossom":3,"minecraft:rabbit_hide":1,"minecraft:heart_of_the_sea":2,"minecraft:stone_pickaxe":1,"minecraft:cooked_chicken":5,"minecraft:glass_bottle":1,"minecraft:flowering_azalea":62,"minecraft:iron_sword":2,"minecraft:oak_slab":4,"minecraft:pumpkin":20,"minecraft:gravel":47,"minecraft:blast_furnace":2,"minecraft:white_bed":5,"minecraft:spider_eye":5,"minecraft:diamond_shovel":1,"minecraft:stone_axe":5,"minecraft:rib_armor_trim_smithing_template":1,"minecraft:chainmail_leggings":1,"minecraft:iron_helmet":3,"minecraft:gray_wool":2,"minecraft:terracotta":1,"minecraft:black_wool":2,"minecraft:coal":209,"minecraft:sunflower":5},"minecraft:killed_by":{"minecraft:zombified_piglin":1,"minecraft:witch":1,"minecraft:skeleton":1},"minecraft:broken":{"minecraft:stone_pickaxe":1,"minecraft:stone_axe":1,"minecraft:iron_sword":1,"minecraft:stone_shovel":1,"minecraft:iron_pickaxe":1},"minecraft:dropped":{"minecraft:iron_sword":1,"minecraft:diamond_axe":1,"minecraft:dark_oak_sapling":3,"minecraft:cooked_porkchop":16,"minecraft:saddle":2,"minecraft:dirt":3,"minecraft:mutton":2,"minecraft:cooked_cod":2,"minecraft:bone_block":21,"minecraft:gold_nugget":1,"minecraft:white_wool":2,"minecraft:bone":13,"minecraft:stone_axe":2,"minecraft:beetroot":4,"minecraft:rotten_flesh":21,"minecraft:salmon":6,"minecraft:rabbit_hide":1,"minecraft:water_bucket":1,"minecraft:bread":54,"minecraft:wheat_seeds":35,"minecraft:diamond_leggings":3,"minecraft:cobblestone":4,"minecraft:diamond_horse_armor":1,"minecraft:torch":83,"minecraft:wooden_hoe":1,"minecraft:rabbit":1,"minecraft:diamond_helmet":3,"minecraft:iron_leggings":1,"minecraft:string":1,"minecraft:bucket":1,"minecraft:stone_sword":1,"minecraft:raw_copper":2,"minecraft:diamond_hoe":1,"minecraft:chicken":1,"minecraft:filled_map":1,"minecraft:diamond_sword":2,"minecraft:light_blue_dye":1,"minecraft:potato":1,"minecraft:diamond_chestplate":3,"minecraft:iron_chestplate":1,"minecraft:diamond_pickaxe":2,"minecraft:diamond_boots":3,"minecraft:sandstone":6,"minecraft:blue_orchid":20,"minecraft:black_wool":2},"minecraft:killed":{"minecraft:cave_spider":3,"minecraft:zombified_piglin":2,"minecraft:witch":2,"minecraft:spider":7,"minecraft:skeleton":19,"minecraft:chicken":6,"minecraft:magma_cube":12,"minecraft:pig":11,"minecraft:zombie_villager":1,"minecraft:salmon":17,"minecraft:creeper":8,"minecraft:sheep":33,"minecraft:pillager":4,"minecraft:zombie":46,"minecraft:blaze":14,"minecraft:cow":7,"minecraft:vindicator":2,"minecraft:drowned":2,"minecraft:rabbit":2,"minecraft:frog":1,"minecraft:ravager":1,"minecraft:squid":3,"minecraft:wither_skeleton":15,"minecraft:enderman":2},"minecraft:used":{"minecraft:peony":1,"minecraft:beetroot":4,"minecraft:moss_block":9,"minecraft:moss_carpet":1,"minecraft:diamond_hoe":169,"minecraft:chest":11,"minecraft:shield":40,"minecraft:iron_sword":245,"minecraft:rotten_flesh":1,"minecraft:carrot":2,"minecraft:tuff":5,"minecraft:axolotl_bucket":3,"minecraft:lava_bucket":2,"minecraft:bow":28,"minecraft:oak_sapling":7,"minecraft:furnace":9,"minecraft:cooked_cod":11,"minecraft:beetroot_seeds":20,"minecraft:potato":15,"minecraft:dark_oak_sapling":3,"minecraft:stone_pickaxe":129,"minecraft:wooden_pickaxe":5,"minecraft:sandstone":10,"minecraft:sugar_cane":24,"minecraft:diamond_axe":79,"minecraft:glow_berries":1,"minecraft:sand":18,"minecraft:blast_furnace":2,"minecraft:bread":32,"minecraft:brown_wool":1,"minecraft:gravel":40,"minecraft:diamond_sword":249,"minecraft:smithing_table":2,"minecraft:andesite":9,"minecraft:bone_meal":2,"minecraft:oak_fence":4,"minecraft:stone_sword":113,"minecraft:stone_shovel":131,"minecraft:redstone":1,"minecraft:cooked_chicken":5,"minecraft:netherrack":36,"minecraft:orange_bed":7,"minecraft:torch":50,"minecraft:brewing_stand":1,"minecraft:dirt":151,"minecraft:white_carpet":3,"minecraft:diamond_helmet":1,"minecraft:birch_door":2,"minecraft:oak_stairs":1,"minecraft:iron_boots":1,"minecraft:diamond_chestplate":1,"minecraft:soul_soil":1,"minecraft:cooked_beef":4,"minecraft:cobbled_deepslate":21,"minecraft:wheat_seeds":10,"minecraft:cooked_mutton":21,"minecraft:water_bucket":13,"minecraft:birch_planks":6,"minecraft:rail":2,"minecraft:terracotta":1,"minecraft:oak_slab":4,"minecraft:crafting_table":13,"minecraft:white_bed":4,"minecraft:cod":1,"minecraft:smoker":4,"minecraft:oak_log":3,"minecraft:wooden_hoe":28,"minecraft:diamond_pickaxe":589,"minecraft:oxeye_daisy":2,"minecraft:diamond_shovel":133,"minecraft:iron_pickaxe":273,"minecraft:leather_helmet":1,"minecraft:stone_axe":156,"minecraft:fishing_rod":2,"minecraft:cobblestone":50,"minecraft:potion":1,"minecraft:white_banner":2,"minecraft:cooked_porkchop":23,"minecraft:bucket":21,"minecraft:gray_wool":2},"minecraft:custom":{"minecraft:animals_bred":2,"minecraft:interact_with_crafting_table":70,"minecraft:bell_ring":58,"minecraft:leave_game":8,"minecraft:time_since_death":15692,"minecraft:sprint_one_cm":999932,"minecraft:damage_blocked_by_shield":1625,"minecraft:drop":96,"minecraft:talked_to_villager":13,"minecraft:play_time":355391,"minecraft:deaths":3,"minecraft:jump":5898,"minecraft:interact_with_brewingstand":1,"minecraft:walk_on_water_one_cm":67354,"minecraft:enchant_item":5,"minecraft:interact_with_furnace":107,"minecraft:traded_with_villager":16,"minecraft:sleep_in_bed":21,"minecraft:damage_dealt":31661,"minecraft:player_kills":1,"minecraft:crouch_one_cm":2044,"minecraft:horse_one_cm":2088049,"minecraft:interact_with_smithing_table":11,"minecraft:mob_kills":224,"minecraft:climb_one_cm":5457,"minecraft:walk_one_cm":570616,"minecraft:raid_win":1,"minecraft:sneak_time":1736,"minecraft:walk_under_water_one_cm":49427,"minecraft:boat_one_cm":149223,"minecraft:total_world_time":355391,"minecraft:interact_with_grindstone":1,"minecraft:time_since_rest":11955,"minecraft:damage_taken":5576,"minecraft:swim_one_cm":170333,"minecraft:fly_one_cm":1129083,"minecraft:open_chest":274,"minecraft:fish_caught":1,"minecraft:fall_one_cm":122793},"minecraft:mined":{"minecraft:white_bed":5,"minecraft:jungle_leaves":11,"minecraft:brewing_stand":1,"minecraft:cave_vines_plant":2,"minecraft:grass_block":39,"minecraft:bubble_coral_fan":1,"minecraft:soul_soil":1,"minecraft:oxeye_daisy":2,"minecraft:spawner":3,"minecraft:tall_seagrass":1,"minecraft:iron_ore":41,"minecraft:cobbled_deepslate":2,"minecraft:fire":9,"minecraft:pumpkin":10,"minecraft:deepslate_lapis_ore":23,"minecraft:red_tulip":7,"minecraft:cave_vines":3,"minecraft:water_cauldron":4,"minecraft:dirt_path":16,"minecraft:pink_tulip":3,"minecraft:azalea":16,"minecraft:blue_orchid":20,"minecraft:orange_bed":5,"minecraft:deepslate_redstone_ore":14,"minecraft:smoker":3,"minecraft:clay":66,"minecraft:torch":16,"minecraft:blast_furnace":1,"minecraft:melon":5,"minecraft:chest":6,"minecraft:dead_bush":2,"minecraft:cobblestone":2,"minecraft:sugar_cane":27,"minecraft:oak_planks":2,"minecraft:wall_torch":17,"minecraft:seagrass":1,"minecraft:birch_log":19,"minecraft:wheat":1,"minecraft:orange_tulip":9,"minecraft:grass":171,"minecraft:oak_log":21,"minecraft:beetroots":8,"minecraft:oak_fence_gate":1,"minecraft:sand":156,"minecraft:dirt":37,"minecraft:netherrack":27,"minecraft:oak_leaves":42,"minecraft:deepslate":347,"minecraft:tuff":9,"minecraft:dark_oak_leaves":3,"minecraft:deepslate_diamond_ore":98,"minecraft:dark_oak_log":92,"minecraft:allium":4,"minecraft:moss_block":73,"minecraft:sandstone":16,"minecraft:hay_block":87,"minecraft:spore_blossom":2,"minecraft:furnace":9,"minecraft:andesite":4,"minecraft:peony":3,"minecraft:big_dripleaf_stem":9,"minecraft:potatoes":1,"minecraft:deepslate_iron_ore":43,"minecraft:bamboo":1,"minecraft:stone":151,"minecraft:white_tulip":7,"minecraft:bone_block":18,"minecraft:smithing_table":1,"minecraft:oak_slab":3,"minecraft:flowering_azalea":29,"minecraft:lily_of_the_valley":9,"minecraft:oak_fence":1,"minecraft:crafting_table":8,"minecraft:cornflower":1,"minecraft:rose_bush":8,"minecraft:tall_grass":24,"minecraft:lapis_ore":10,"minecraft:deepslate_gold_ore":21,"minecraft:big_dripleaf":5,"minecraft:birch_planks":1,"minecraft:cactus":5,"minecraft:sea_pickle":2,"minecraft:coal_ore":94,"minecraft:cocoa":7,"minecraft:sunflower":5,"minecraft:gravel":13,"minecraft:cobweb":55,"minecraft:terracotta":1,"minecraft:small_dripleaf":4,"minecraft:gold_ore":2,"minecraft:fern":2},"minecraft:crafted":{"minecraft:oak_planks":60,"minecraft:diamond_shovel":1,"minecraft:cooked_mutton":41,"minecraft:diamond_helmet":3,"minecraft:diamond_leggings":3,"minecraft:bow":5,"minecraft:iron_boots":1,"minecraft:chest":5,"minecraft:birch_door":3,"minecraft:cooked_porkchop":50,"minecraft:diamond_axe":1,"minecraft:crafting_table":5,"minecraft:wooden_pickaxe":1,"minecraft:iron_helmet":1,"minecraft:smithing_table":1,"minecraft:birch_planks":52,"minecraft:paper":9,"minecraft:iron_chestplate":2,"minecraft:diamond_pickaxe":3,"minecraft:stick":52,"minecraft:light_blue_dye":2,"minecraft:iron_ingot":129,"minecraft:iron_pickaxe":1,"minecraft:stone_sword":2,"minecraft:gold_ingot":21,"minecraft:rabbit_stew":10,"minecraft:stone_shovel":1,"minecraft:fishing_rod":1,"minecraft:diamond_hoe":1,"minecraft:furnace":4,"minecraft:bone_meal":3,"minecraft:white_carpet":3,"minecraft:stone_pickaxe":1,"minecraft:diamond_boots":3,"minecraft:wheat":171,"minecraft:diamond_sword":2,"minecraft:iron_sword":2,"minecraft:bucket":3,"minecraft:stone_axe":2,"minecraft:orange_dye":2,"minecraft:bread":56,"minecraft:air":0,"minecraft:blue_dye":1,"minecraft:white_dye":1,"minecraft:iron_leggings":2,"minecraft:orange_bed":1,"minecraft:torch":96,"minecraft:clay":64,"minecraft:diamond_chestplate":3}},"DataVersion":3465}