{"stats":{"minecraft:killed_by":{"minecraft:witch":1,"minecraft:skeleton":1},"minecraft:dropped":{"minecraft:iron_sword":1,"minecraft:dark_oak_sapling":3,"minecraft:cooked_porkchop":16,"minecraft:dirt":3,"minecraft:mutton":2,"minecraft:cooked_cod":2,"minecraft:white_wool":2,"minecraft:bone":13,"minecraft:stone_axe":2,"minecraft:rotten_flesh":19,"minecraft:salmon":2,"minecraft:rabbit_hide":1,"minecraft:water_bucket":1,"minecraft:wheat_seeds":17,"minecraft:diamond_leggings":1,"minecraft:cobblestone":4,"minecraft:torch":83,"minecraft:rabbit":1,"minecraft:diamond_helmet":1,"minecraft:iron_leggings":1,"minecraft:string":1,"minecraft:bucket":1,"minecraft:raw_copper":2,"minecraft:chicken":1,"minecraft:filled_map":1,"minecraft:light_blue_dye":1,"minecraft:diamond_chestplate":1,"minecraft:iron_chestplate":1,"minecraft:diamond_pickaxe":1,"minecraft:diamond_boots":1,"minecraft:sandstone":6,"minecraft:blue_orchid":20,"minecraft:black_wool":2},"minecraft:mined":{"minecraft:white_bed":4,"minecraft:jungle_leaves":11,"minecraft:brewing_stand":1,"minecraft:cave_vines_plant":2,"minecraft:grass_block":5,"minecraft:bubble_coral_fan":1,"minecraft:oxeye_daisy":1,"minecraft:spawner":3,"minecraft:tall_seagrass":1,"minecraft:iron_ore":41,"minecraft:cobbled_deepslate":2,"minecraft:fire":5,"minecraft:pumpkin":10,"minecraft:deepslate_lapis_ore":23,"minecraft:red_tulip":7,"minecraft:cave_vines":3,"minecraft:dirt_path":12,"minecraft:pink_tulip":3,"minecraft:azalea":16,"minecraft:blue_orchid":20,"minecraft:orange_bed":3,"minecraft:deepslate_redstone_ore":14,"minecraft:clay":66,"minecraft:torch":14,"minecraft:melon":5,"minecraft:dead_bush":2,"minecraft:cobblestone":2,"minecraft:sugar_cane":9,"minecraft:oak_planks":2,"minecraft:wall_torch":10,"minecraft:seagrass":1,"minecraft:birch_log":19,"minecraft:orange_tulip":9,"minecraft:grass":119,"minecraft:oak_log":15,"minecraft:sand":156,"minecraft:dirt":12,"minecraft:oak_leaves":38,"minecraft:deepslate":347,"minecraft:tuff":8,"minecraft:dark_oak_leaves":1,"minecraft:deepslate_diamond_ore":98,"minecraft:dark_oak_log":45,"minecraft:allium":4,"minecraft:moss_block":73,"minecraft:sandstone":16,"minecraft:hay_block":87,"minecraft:spore_blossom":2,"minecraft:furnace":5,"minecraft:andesite":2,"minecraft:peony":2,"minecraft:big_dripleaf_stem":9,"minecraft:deepslate_iron_ore":43,"minecraft:bamboo":1,"minecraft:stone":151,"minecraft:white_tulip":7,"minecraft:oak_slab":1,"minecraft:flowering_azalea":29,"minecraft:lily_of_the_valley":9,"minecraft:crafting_table":7,"minecraft:cornflower":1,"minecraft:rose_bush":8,"minecraft:tall_grass":18,"minecraft:lapis_ore":10,"minecraft:deepslate_gold_ore":21,"minecraft:big_dripleaf":5,"minecraft:birch_planks":1,"minecraft:cactus":5,"minecraft:sea_pickle":2,"minecraft:coal_ore":94,"minecraft:cocoa":7,"minecraft:sunflower":5,"minecraft:gravel":13,"minecraft:cobweb":55,"minecraft:terracotta":1,"minecraft:small_dripleaf":4,"minecraft:gold_ore":2,"minecraft:fern":2},"minecraft:used":{"minecraft:moss_block":9,"minecraft:moss_carpet":1,"minecraft:diamond_hoe":87,"minecraft:chest":5,"minecraft:shield":19,"minecraft:iron_sword":245,"minecraft:rotten_flesh":1,"minecraft:tuff":3,"minecraft:axolotl_bucket":2,"minecraft:lava_bucket":2,"minecraft:bow":15,"minecraft:furnace":9,"minecraft:oak_sapling":2,"minecraft:cooked_cod":11,"minecraft:stone_pickaxe":129,"minecraft:wooden_pickaxe":5,"minecraft:sandstone":10,"minecraft:diamond_axe":10,"minecraft:glow_berries":1,"minecraft:sand":18,"minecraft:bread":14,"minecraft:brown_wool":1,"minecraft:gravel":40,"minecraft:diamond_sword":88,"minecraft:smithing_table":1,"minecraft:andesite":3,"minecraft:bone_meal":2,"minecraft:oak_fence":4,"minecraft:stone_sword":55,"minecraft:stone_shovel":131,"minecraft:cooked_chicken":5,"minecraft:orange_bed":4,"minecraft:torch":36,"minecraft:dirt":29,"minecraft:white_carpet":3,"minecraft:diamond_helmet":1,"minecraft:birch_door":2,"minecraft:iron_boots":1,"minecraft:cooked_beef":4,"minecraft:cobbled_deepslate":21,"minecraft:cooked_mutton":21,"minecraft:water_bucket":12,"minecraft:birch_planks":6,"minecraft:rail":2,"minecraft:terracotta":1,"minecraft:oak_slab":1,"minecraft:crafting_table":12,"minecraft:white_bed":4,"minecraft:diamond_pickaxe":523,"minecraft:oxeye_daisy":1,"minecraft:diamond_shovel":81,"minecraft:iron_pickaxe":273,"minecraft:leather_helmet":1,"minecraft:stone_axe":156,"minecraft:cobblestone":50,"minecraft:potion":1,"minecraft:cooked_porkchop":5,"minecraft:bucket":18,"minecraft:gray_wool":2},"minecraft:killed":{"minecraft:cave_spider":3,"minecraft:witch":2,"minecraft:spider":5,"minecraft:skeleton":14,"minecraft:chicken":6,"minecraft:pig":9,"minecraft:salmon":17,"minecraft:creeper":5,"minecraft:sheep":33,"minecraft:zombie":38,"minecraft:cow":7,"minecraft:drowned":1,"minecraft:rabbit":2,"minecraft:frog":1,"minecraft:squid":3,"minecraft:enderman":2},"minecraft:custom":{"minecraft:animals_bred":2,"minecraft:interact_with_crafting_table":58,"minecraft:leave_game":4,"minecraft:time_since_death":139364,"minecraft:sprint_one_cm":588284,"minecraft:damage_blocked_by_shield":670,"minecraft:drop":62,"minecraft:talked_to_villager":4,"minecraft:play_time":257997,"minecraft:deaths":2,"minecraft:jump":3578,"minecraft:interact_with_brewingstand":1,"minecraft:walk_on_water_one_cm":62045,"minecraft:interact_with_furnace":105,"minecraft:sleep_in_bed":12,"minecraft:damage_dealt":19171,"minecraft:player_kills":1,"minecraft:crouch_one_cm":1827,"minecraft:horse_one_cm":2058001,"minecraft:interact_with_smithing_table":11,"minecraft:mob_kills":152,"minecraft:climb_one_cm":5239,"minecraft:walk_one_cm":384967,"minecraft:sneak_time":1535,"minecraft:walk_under_water_one_cm":49366,"minecraft:boat_one_cm":149223,"minecraft:total_world_time":257997,"minecraft:time_since_rest":9941,"minecraft:damage_taken":3536,"minecraft:swim_one_cm":153643,"minecraft:fly_one_cm":561281,"minecraft:open_chest":110,"minecraft:fall_one_cm":75907},"minecraft:picked_up":{"minecraft:birch_door":3,"minecraft:iron_chestplate":2,"minecraft:wheat":36,"minecraft:potion":1,"minecraft:brewing_stand":1,"minecraft:string":60,"minecraft:raw_copper":2,"minecraft:iron_leggings":2,"minecraft:sea_pickle":7,"minecraft:cobbled_deepslate":714,"minecraft:white_tulip":7,"minecraft:rose_bush":16,"minecraft:azalea":27,"minecraft:iron_pickaxe":3,"minecraft:melon_slice":19,"minecraft:furnace":6,"minecraft:iron_boots":2,"minecraft:stick":6,"minecraft:big_dripleaf":76,"minecraft:oak_fence":4,"minecraft:torch":33,"minecraft:porkchop":41,"minecraft:golden_axe":1,"minecraft:rabbit_foot":1,"minecraft:orange_bed":3,"minecraft:stone_sword":1,"minecraft:cactus":8,"minecraft:rotten_flesh":48,"minecraft:red_tulip":7,"minecraft:cobblestone":315,"minecraft:birch_log":19,"minecraft:leather_chestplate":1,"minecraft:feather":6,"minecraft:cooked_beef":4,"minecraft:andesite":9,"minecraft:brown_wool":1,"minecraft:flint":4,"minecraft:tuff":60,"minecraft:lapis_lazuli":234,"minecraft:dirt":32,"minecraft:bone":23,"minecraft:bow":5,"minecraft:orange_tulip":9,"minecraft:wheat_seeds":22,"minecraft:raw_gold":39,"minecraft:rabbit":3,"minecraft:bamboo":7,"minecraft:moss_block":73,"minecraft:oak_planks":94,"minecraft:cooked_porkchop":1,"minecraft:axolotl_bucket":1,"minecraft:sand":251,"minecraft:ink_sac":7,"minecraft:lily_of_the_valley":7,"minecraft:dark_oak_log":45,"minecraft:clay":64,"minecraft:diamond":206,"minecraft:bread":1,"minecraft:oak_sapling":2,"minecraft:diamond_pickaxe":1,"minecraft:cocoa_beans":21,"minecraft:crafting_table":8,"minecraft:allium":3,"minecraft:chicken":13,"minecraft:clay_ball":264,"minecraft:wooden_pickaxe":1,"minecraft:shield":3,"minecraft:cornflower":1,"minecraft:moss_carpet":1,"minecraft:blue_orchid":40,"minecraft:beef":15,"minecraft:jungle_sapling":1,"minecraft:sugar_cane":44,"minecraft:dark_oak_sapling":3,"minecraft:raw_iron":104,"minecraft:sandstone":16,"minecraft:redstone":83,"minecraft:arrow":31,"minecraft:stone_shovel":1,"minecraft:cooked_cod":7,"minecraft:peony":2,"minecraft:hay_block":87,"minecraft:pink_tulip":3,"minecraft:saddle":1,"minecraft:glow_berries":65,"minecraft:mutton":69,"minecraft:white_wool":47,"minecraft:rail":2,"minecraft:oxeye_daisy":1,"minecraft:salmon":15,"minecraft:leather":6,"minecraft:filled_map":1,"minecraft:birch_planks":27,"minecraft:oak_log":15,"minecraft:golden_boots":1,"minecraft:gunpowder":20,"minecraft:cooked_mutton":9,"minecraft:spore_blossom":3,"minecraft:rabbit_hide":1,"minecraft:heart_of_the_sea":1,"minecraft:stone_pickaxe":1,"minecraft:cooked_chicken":5,"minecraft:flowering_azalea":56,"minecraft:iron_sword":2,"minecraft:oak_slab":1,"minecraft:pumpkin":20,"minecraft:gravel":47,"minecraft:white_bed":5,"minecraft:spider_eye":5,"minecraft:stone_axe":3,"minecraft:iron_helmet":2,"minecraft:gray_wool":2,"minecraft:terracotta":1,"minecraft:black_wool":2,"minecraft:coal":183,"minecraft:sunflower":5},"minecraft:broken":{"minecraft:stone_pickaxe":1,"minecraft:stone_axe":1,"minecraft:iron_sword":1,"minecraft:stone_shovel":1,"minecraft:iron_pickaxe":1},"minecraft:crafted":{"minecraft:oak_planks":60,"minecraft:diamond_shovel":1,"minecraft:cooked_mutton":41,"minecraft:diamond_helmet":2,"minecraft:diamond_leggings":2,"minecraft:bow":3,"minecraft:iron_boots":1,"minecraft:chest":5,"minecraft:birch_door":3,"minecraft:cooked_porkchop":20,"minecraft:diamond_axe":1,"minecraft:crafting_table":5,"minecraft:wooden_pickaxe":1,"minecraft:iron_helmet":1,"minecraft:smithing_table":1,"minecraft:birch_planks":52,"minecraft:iron_chestplate":2,"minecraft:diamond_pickaxe":2,"minecraft:stick":52,"minecraft:light_blue_dye":2,"minecraft:iron_ingot":129,"minecraft:iron_pickaxe":1,"minecraft:stone_sword":1,"minecraft:gold_ingot":21,"minecraft:stone_shovel":1,"minecraft:diamond_hoe":1,"minecraft:furnace":4,"minecraft:bone_meal":3,"minecraft:white_carpet":3,"minecraft:stone_pickaxe":1,"minecraft:diamond_boots":2,"minecraft:wheat":171,"minecraft:diamond_sword":1,"minecraft:iron_sword":2,"minecraft:bucket":3,"minecraft:stone_axe":2,"minecraft:orange_dye":2,"minecraft:bread":56,"minecraft:air":0,"minecraft:blue_dye":1,"minecraft:white_dye":1,"minecraft:iron_leggings":2,"minecraft:orange_bed":1,"minecraft:torch":96,"minecraft:clay":64,"minecraft:diamond_chestplate":2}},"DataVersion":3465}