{"stats":{"minecraft:killed_by":{"minecraft:skeleton":1,"minecraft:witch":1},"minecraft:dropped":{"minecraft:iron_sword":1,"minecraft:wheat_seeds":17,"minecraft:dark_oak_sapling":3,"minecraft:cooked_porkchop":16,"minecraft:diamond_leggings":1,"minecraft:cobblestone":4,"minecraft:dirt":3,"minecraft:torch":83,"minecraft:cooked_cod":1,"minecraft:rabbit":1,"minecraft:diamond_helmet":1,"minecraft:iron_leggings":1,"minecraft:string":1,"minecraft:white_wool":2,"minecraft:bucket":1,"minecraft:bone":13,"minecraft:stone_axe":2,"minecraft:raw_copper":2,"minecraft:chicken":1,"minecraft:rotten_flesh":19,"minecraft:salmon":2,"minecraft:filled_map":1,"minecraft:rabbit_hide":1,"minecraft:diamond_chestplate":1,"minecraft:diamond_pickaxe":1,"minecraft:iron_chestplate":1,"minecraft:diamond_boots":1,"minecraft:sandstone":6,"minecraft:blue_orchid":20,"minecraft:black_wool":2},"minecraft:mined":{"minecraft:tuff":8,"minecraft:white_bed":4,"minecraft:dark_oak_leaves":1,"minecraft:deepslate_diamond_ore":98,"minecraft:jungle_leaves":11,"minecraft:dark_oak_log":45,"minecraft:brewing_stand":1,"minecraft:cave_vines_plant":2,"minecraft:allium":4,"minecraft:grass_block":2,"minecraft:bubble_coral_fan":1,"minecraft:moss_block":73,"minecraft:sandstone":16,"minecraft:spawner":3,"minecraft:tall_seagrass":1,"minecraft:hay_block":87,"minecraft:spore_blossom":2,"minecraft:furnace":5,"minecraft:fire":5,"minecraft:iron_ore":41,"minecraft:cobbled_deepslate":2,"minecraft:andesite":2,"minecraft:pumpkin":10,"minecraft:deepslate_lapis_ore":23,"minecraft:big_dripleaf_stem":9,"minecraft:peony":2,"minecraft:red_tulip":7,"minecraft:cave_vines":3,"minecraft:deepslate_iron_ore":43,"minecraft:pink_tulip":3,"minecraft:azalea":16,"minecraft:bamboo":1,"minecraft:white_tulip":7,"minecraft:stone":151,"minecraft:blue_orchid":20,"minecraft:orange_bed":3,"minecraft:deepslate_redstone_ore":14,"minecraft:oak_slab":1,"minecraft:flowering_azalea":29,"minecraft:lily_of_the_valley":9,"minecraft:clay":66,"minecraft:crafting_table":7,"minecraft:torch":14,"minecraft:melon":5,"minecraft:rose_bush":8,"minecraft:dead_bush":2,"minecraft:tall_grass":10,"minecraft:cobblestone":2,"minecraft:oak_planks":2,"minecraft:sugar_cane":9,"minecraft:deepslate_gold_ore":21,"minecraft:lapis_ore":10,"minecraft:wall_torch":10,"minecraft:big_dripleaf":5,"minecraft:seagrass":1,"minecraft:birch_planks":1,"minecraft:cactus":5,"minecraft:sea_pickle":2,"minecraft:birch_log":19,"minecraft:orange_tulip":9,"minecraft:grass":118,"minecraft:coal_ore":94,"minecraft:oak_log":15,"minecraft:cocoa":7,"minecraft:gravel":13,"minecraft:sunflower":5,"minecraft:sand":156,"minecraft:dirt":11,"minecraft:cobweb":55,"minecraft:terracotta":1,"minecraft:small_dripleaf":4,"minecraft:gold_ore":2,"minecraft:deepslate":347,"minecraft:oak_leaves":38,"minecraft:fern":2},"minecraft:used":{"minecraft:oak_fence":4,"minecraft:moss_block":9,"minecraft:moss_carpet":1,"minecraft:stone_sword":55,"minecraft:stone_shovel":131,"minecraft:diamond_hoe":87,"minecraft:chest":5,"minecraft:shield":19,"minecraft:iron_sword":245,"minecraft:cooked_chicken":5,"minecraft:rotten_flesh":1,"minecraft:orange_bed":3,"minecraft:torch":36,"minecraft:dirt":15,"minecraft:diamond_helmet":1,"minecraft:tuff":3,"minecraft:axolotl_bucket":2,"minecraft:birch_door":2,"minecraft:lava_bucket":2,"minecraft:iron_boots":1,"minecraft:bow":4,"minecraft:cooked_cod":9,"minecraft:oak_sapling":2,"minecraft:furnace":9,"minecraft:cooked_beef":4,"minecraft:cobbled_deepslate":21,"minecraft:cooked_mutton":21,"minecraft:water_bucket":3,"minecraft:birch_planks":6,"minecraft:stone_pickaxe":129,"minecraft:wooden_pickaxe":5,"minecraft:sandstone":10,"minecraft:diamond_axe":10,"minecraft:glow_berries":1,"minecraft:white_bed":4,"minecraft:rail":2,"minecraft:terracotta":1,"minecraft:sand":18,"minecraft:oak_slab":1,"minecraft:crafting_table":12,"minecraft:diamond_pickaxe":523,"minecraft:diamond_shovel":53,"minecraft:bread":9,"minecraft:iron_pickaxe":273,"minecraft:brown_wool":1,"minecraft:leather_helmet":1,"minecraft:gravel":40,"minecraft:stone_axe":156,"minecraft:potion":1,"minecraft:diamond_sword":79,"minecraft:cobblestone":50,"minecraft:smithing_table":1,"minecraft:cooked_porkchop":5,"minecraft:andesite":3,"minecraft:bucket":8,"minecraft:gray_wool":2},"minecraft:killed":{"minecraft:cave_spider":3,"minecraft:witch":2,"minecraft:spider":5,"minecraft:skeleton":14,"minecraft:chicken":6,"minecraft:drowned":1,"minecraft:pig":9,"minecraft:salmon":11,"minecraft:rabbit":2,"minecraft:frog":1,"minecraft:creeper":4,"minecraft:squid":3,"minecraft:sheep":31,"minecraft:zombie":38,"minecraft:enderman":2,"minecraft:cow":7},"minecraft:custom":{"minecraft:interact_with_smithing_table":10,"minecraft:mob_kills":142,"minecraft:animals_bred":1,"minecraft:interact_with_crafting_table":57,"minecraft:leave_game":3,"minecraft:time_since_death":92628,"minecraft:climb_one_cm":5239,"minecraft:sprint_one_cm":456637,"minecraft:walk_one_cm":346203,"minecraft:damage_blocked_by_shield":670,"minecraft:drop":58,"minecraft:talked_to_villager":1,"minecraft:play_time":211261,"minecraft:sneak_time":1260,"minecraft:deaths":2,"minecraft:walk_under_water_one_cm":43117,"minecraft:boat_one_cm":149223,"minecraft:interact_with_brewingstand":1,"minecraft:jump":3099,"minecraft:walk_on_water_one_cm":54766,"minecraft:total_world_time":211261,"minecraft:interact_with_furnace":105,"minecraft:sleep_in_bed":8,"minecraft:time_since_rest":4027,"minecraft:damage_taken":3409,"minecraft:damage_dealt":18759,"minecraft:player_kills":1,"minecraft:swim_one_cm":135981,"minecraft:fly_one_cm":442465,"minecraft:open_chest":103,"minecraft:crouch_one_cm":1106,"minecraft:fall_one_cm":65639,"minecraft:horse_one_cm":1757436},"minecraft:picked_up":{"minecraft:iron_chestplate":2,"minecraft:cocoa_beans":21,"minecraft:birch_door":3,"minecraft:crafting_table":8,"minecraft:wheat":36,"minecraft:allium":3,"minecraft:chicken":13,"minecraft:clay_ball":264,"minecraft:wooden_pickaxe":1,"minecraft:potion":1,"minecraft:brewing_stand":1,"minecraft:shield":3,"minecraft:string":60,"minecraft:moss_carpet":1,"minecraft:raw_copper":2,"minecraft:iron_leggings":2,"minecraft:blue_orchid":40,"minecraft:sea_pickle":7,"minecraft:cobbled_deepslate":714,"minecraft:beef":15,"minecraft:white_tulip":7,"minecraft:rose_bush":16,"minecraft:jungle_sapling":1,"minecraft:azalea":27,"minecraft:iron_pickaxe":3,"minecraft:melon_slice":19,"minecraft:sugar_cane":44,"minecraft:iron_boots":2,"minecraft:furnace":6,"minecraft:dark_oak_sapling":3,"minecraft:raw_iron":104,"minecraft:stick":6,"minecraft:sandstone":16,"minecraft:big_dripleaf":76,"minecraft:oak_fence":4,"minecraft:torch":33,"minecraft:porkchop":41,"minecraft:golden_axe":1,"minecraft:redstone":83,"minecraft:orange_bed":3,"minecraft:stone_sword":1,"minecraft:cactus":8,"minecraft:arrow":31,"minecraft:stone_shovel":1,"minecraft:rotten_flesh":48,"minecraft:cooked_cod":5,"minecraft:peony":2,"minecraft:hay_block":87,"minecraft:red_tulip":7,"minecraft:pink_tulip":3,"minecraft:saddle":1,"minecraft:glow_berries":65,"minecraft:mutton":63,"minecraft:rail":2,"minecraft:white_wool":45,"minecraft:cobblestone":315,"minecraft:birch_log":19,"minecraft:leather_chestplate":1,"minecraft:feather":6,"minecraft:cooked_beef":4,"minecraft:salmon":9,"minecraft:andesite":9,"minecraft:leather":6,"minecraft:brown_wool":1,"minecraft:birch_planks":27,"minecraft:filled_map":1,"minecraft:flint":4,"minecraft:tuff":60,"minecraft:oak_log":15,"minecraft:golden_boots":1,"minecraft:gunpowder":19,"minecraft:lapis_lazuli":234,"minecraft:dirt":18,"minecraft:cooked_mutton":9,"minecraft:bone":23,"minecraft:bow":5,"minecraft:wheat_seeds":22,"minecraft:orange_tulip":9,"minecraft:raw_gold":39,"minecraft:rabbit_hide":1,"minecraft:spore_blossom":3,"minecraft:heart_of_the_sea":1,"minecraft:stone_pickaxe":1,"minecraft:cooked_chicken":5,"minecraft:rabbit":3,"minecraft:bamboo":7,"minecraft:moss_block":73,"minecraft:iron_sword":2,"minecraft:oak_planks":94,"minecraft:flowering_azalea":56,"minecraft:oak_slab":1,"minecraft:cooked_porkchop":1,"minecraft:pumpkin":20,"minecraft:axolotl_bucket":1,"minecraft:gravel":47,"minecraft:sand":251,"minecraft:ink_sac":7,"minecraft:white_bed":5,"minecraft:lily_of_the_valley":7,"minecraft:dark_oak_log":45,"minecraft:spider_eye":5,"minecraft:clay":64,"minecraft:diamond":206,"minecraft:stone_axe":3,"minecraft:iron_helmet":2,"minecraft:gray_wool":2,"minecraft:bread":1,"minecraft:terracotta":1,"minecraft:oak_sapling":2,"minecraft:black_wool":2,"minecraft:coal":183,"minecraft:sunflower":5,"minecraft:diamond_pickaxe":1},"minecraft:broken":{"minecraft:stone_pickaxe":1,"minecraft:stone_axe":1,"minecraft:iron_sword":1,"minecraft:iron_pickaxe":1,"minecraft:stone_shovel":1},"minecraft:crafted":{"minecraft:oak_planks":60,"minecraft:stone_shovel":1,"minecraft:diamond_hoe":1,"minecraft:furnace":4,"minecraft:diamond_shovel":1,"minecraft:cooked_mutton":41,"minecraft:diamond_helmet":2,"minecraft:bow":3,"minecraft:diamond_leggings":2,"minecraft:iron_boots":1,"minecraft:stone_pickaxe":1,"minecraft:chest":5,"minecraft:diamond_boots":2,"minecraft:birch_door":3,"minecraft:wheat":171,"minecraft:diamond_sword":1,"minecraft:cooked_porkchop":20,"minecraft:diamond_axe":1,"minecraft:crafting_table":5,"minecraft:wooden_pickaxe":1,"minecraft:iron_helmet":1,"minecraft:iron_sword":2,"minecraft:smithing_table":1,"minecraft:bucket":3,"minecraft:birch_planks":52,"minecraft:stone_axe":2,"minecraft:orange_dye":2,"minecraft:bread":56,"minecraft:air":0,"minecraft:iron_chestplate":2,"minecraft:diamond_pickaxe":2,"minecraft:stick":52,"minecraft:iron_ingot":129,"minecraft:iron_pickaxe":1,"minecraft:stone_sword":1,"minecraft:iron_leggings":2,"minecraft:gold_ingot":21,"minecraft:torch":96,"minecraft:orange_bed":1,"minecraft:clay":64,"minecraft:diamond_chestplate":2}},"DataVersion":3465}