{
  "minecraft:recipes/building_blocks/birch_planks": {
    "criteria": {
      "has_logs": "2024-08-18 04:38:25 +0000"
    },
    "done": true
  },
  "minecraft:recipes/misc/charcoal": {
    "criteria": {
      "has_log": "2024-08-18 04:38:25 +0000"
    },
    "done": true
  },
  "minecraft:recipes/decorations/crafting_table": {
    "criteria": {
      "unlock_right_away": "2024-08-18 04:35:56 +0000"
    },
    "done": true
  },
  "minecraft:recipes/building_blocks/birch_wood": {
    "criteria": {
      "has_log": "2024-08-18 04:38:25 +0000"
    },
    "done": true
  },
  "minecraft:adventure/adventuring_time": {
    "criteria": {
      "minecraft:beach": "2024-08-18 04:35:57 +0000",
      "minecraft:forest": "2024-08-18 04:37:58 +0000",
      "minecraft:old_growth_birch_forest": "2024-08-18 04:38:01 +0000",
      "minecraft:plains": "2024-08-18 04:37:23 +0000"
    },
    "done": false
  },
  "DataVersion": 3465
}